ticket_id,created_at,closed_at,priority,category
1001,03-05-2025 12:36,04-05-2025 11:36,Low,Bug
1002,18-06-2025 10:51,18-06-2025 16:51,Medium,Payment
1003,06-05-2025 17:41,06-05-2025 22:41,High,Payment
1004,11-06-2025 05:23,12-06-2025 09:23,Low,Bug
1005,13-06-2025 23:09,14-06-2025 14:09,Medium,Payment
1006,21-06-2025 18:20,22-06-2025 12:20,Low,Login
1007,24-06-2025 06:22,25-06-2025 06:22,Low,Payment
1008,29-05-2025 15:17,29-05-2025 21:17,Medium,Bug
1009,23-06-2025 05:27,23-06-2025 13:27,Medium,Bug
1010,15-05-2025 05:10,15-05-2025 11:10,High,Bug
1011,21-06-2025 09:12,21-06-2025 10:12,High,Login
1012,13-05-2025 11:27,13-05-2025 17:27,Medium,Login
1013,11-06-2025 03:11,11-06-2025 15:11,Medium,Bug
1014,04-05-2025 07:04,05-05-2025 14:04,Low,Other
1015,03-06-2025 11:10,04-06-2025 15:10,Low,Other
1016,04-06-2025 01:43,04-06-2025 14:43,Low,Login
1017,05-06-2025 11:59,05-06-2025 17:59,High,Bug
1018,25-06-2025 10:43,25-06-2025 18:43,Medium,Login
1019,16-06-2025 07:13,16-06-2025 11:13,High,Bug
1020,25-06-2025 17:25,26-06-2025 14:25,Low,Login
1021,07-06-2025 21:50,08-06-2025 01:50,High,Login
1022,24-06-2025 22:29,25-06-2025 05:29,Medium,Other
1023,11-05-2025 07:29,12-05-2025 00:29,Low,Payment
1024,25-06-2025 05:41,25-06-2025 17:41,Low,Other
1025,24-06-2025 17:46,25-06-2025 23:46,Low,Login
1026,06-06-2025 09:43,07-06-2025 00:43,Low,Login
1027,03-05-2025 16:26,05-05-2025 04:26,Low,Payment
1028,17-06-2025 21:45,18-06-2025 15:45,Low,Bug
1029,29-06-2025 14:35,30-06-2025 19:35,Low,Login
1030,06-06-2025 11:13,06-06-2025 19:13,Medium,Login
1031,08-05-2025 08:07,08-05-2025 14:07,Medium,Bug
1032,30-05-2025 09:49,30-05-2025 19:49,Medium,Payment
1033,07-05-2025 20:24,08-05-2025 18:24,Low,Other
1034,15-06-2025 04:07,15-06-2025 06:07,High,Payment
1035,16-06-2025 20:56,17-06-2025 06:56,Medium,Payment
1036,21-05-2025 17:49,22-05-2025 04:49,Medium,Other
1037,15-05-2025 15:59,16-05-2025 17:59,Low,Bug
1038,21-06-2025 17:33,22-06-2025 06:33,Medium,Other
1039,09-05-2025 20:06,10-05-2025 16:06,Low,Other
1040,24-05-2025 22:33,25-05-2025 10:33,Medium,Other
1041,17-06-2025 11:22,17-06-2025 17:22,Medium,Bug
1042,12-05-2025 20:16,14-05-2025 05:16,Low,Login
1043,27-05-2025 15:01,28-05-2025 06:01,Low,Other
1044,04-06-2025 22:09,06-06-2025 00:09,Low,Login
1045,09-06-2025 19:08,10-06-2025 20:08,Low,Login
1046,22-06-2025 03:20,22-06-2025 18:20,Medium,Bug
1047,31-05-2025 00:55,31-05-2025 18:55,Low,Other
1048,14-06-2025 04:53,14-06-2025 19:53,Medium,Other
1049,20-06-2025 02:12,20-06-2025 14:12,Medium,Login
1050,01-06-2025 21:22,01-06-2025 22:22,High,Login
1051,09-05-2025 11:36,09-05-2025 13:36,High,Payment
1052,23-06-2025 23:19,24-06-2025 01:19,High,Payment
1053,30-05-2025 07:11,30-05-2025 21:11,Low,Payment
1054,28-05-2025 18:08,28-05-2025 19:08,High,Other
1055,12-06-2025 20:38,12-06-2025 21:38,High,Login
1056,22-05-2025 09:32,23-05-2025 09:32,Low,Bug
1057,18-06-2025 07:13,18-06-2025 21:13,Medium,Login
1058,24-06-2025 00:21,24-06-2025 14:21,Medium,Login
1059,28-05-2025 09:54,29-05-2025 07:54,Low,Login
1060,14-06-2025 01:22,14-06-2025 10:22,Medium,Login
1061,03-05-2025 10:07,03-05-2025 16:07,High,Login
1062,23-05-2025 11:01,24-05-2025 01:01,Medium,Payment
1063,06-05-2025 19:45,07-05-2025 09:45,Medium,Other
1064,15-06-2025 18:08,16-06-2025 08:08,Medium,Payment
1065,13-05-2025 21:33,14-05-2025 12:33,Medium,Login
1066,23-06-2025 05:14,23-06-2025 11:14,High,Payment
1067,02-06-2025 05:45,02-06-2025 14:45,Medium,Bug
1068,25-05-2025 11:40,26-05-2025 04:40,Low,Bug
1069,19-05-2025 09:37,20-05-2025 06:37,Low,Login
1070,11-06-2025 11:18,12-06-2025 07:18,Low,Other
1071,07-05-2025 16:50,08-05-2025 09:50,Low,Bug
1072,02-05-2025 19:53,03-05-2025 22:53,Low,Bug
1073,13-05-2025 15:07,14-05-2025 12:07,Low,Bug
1074,26-05-2025 18:36,27-05-2025 23:36,Low,Bug
1075,06-05-2025 22:11,07-05-2025 02:11,High,Payment
1076,19-05-2025 19:54,20-05-2025 01:54,High,Bug
1077,26-05-2025 06:50,27-05-2025 12:50,Low,Other
1078,01-06-2025 09:09,01-06-2025 15:09,Medium,Login
1079,08-05-2025 21:19,10-05-2025 06:19,Low,Bug
1080,07-05-2025 10:20,07-05-2025 12:20,High,Payment
1081,21-06-2025 20:17,22-06-2025 23:17,Low,Other
1082,05-05-2025 05:19,05-05-2025 15:19,Medium,Other
1083,01-06-2025 03:53,01-06-2025 04:53,High,Login
1084,15-06-2025 19:20,15-06-2025 23:20,High,Payment
1085,21-05-2025 07:08,21-05-2025 10:08,High,Bug
1086,21-05-2025 00:15,21-05-2025 02:15,High,Bug
1087,09-05-2025 06:36,10-05-2025 03:36,Low,Payment
1088,22-06-2025 22:05,23-06-2025 08:05,Medium,Other
1089,19-06-2025 20:49,20-06-2025 10:49,Medium,Bug
1090,05-05-2025 01:29,05-05-2025 14:29,Low,Payment
1091,05-06-2025 02:58,05-06-2025 15:58,Medium,Bug
1092,11-06-2025 18:10,11-06-2025 23:10,High,Bug
1093,02-06-2025 03:19,02-06-2025 14:19,Medium,Payment
1094,23-06-2025 07:54,23-06-2025 14:54,Medium,Login
1095,22-05-2025 11:40,22-05-2025 20:40,Medium,Login
1096,06-05-2025 14:16,07-05-2025 03:16,Low,Other
1097,31-05-2025 03:43,31-05-2025 17:43,Medium,Other
1098,30-06-2025 16:46,01-07-2025 07:46,Low,Payment
1099,06-06-2025 14:23,06-06-2025 16:23,High,Login
1100,10-06-2025 21:29,11-06-2025 11:29,Medium,Bug
1101,09-06-2025 11:54,10-06-2025 11:54,Low,Payment
1102,06-05-2025 05:04,06-05-2025 19:04,Medium,Other
1103,24-05-2025 02:33,24-05-2025 14:33,Medium,Payment
1104,01-05-2025 22:38,02-05-2025 04:38,Medium,Payment
1105,19-05-2025 15:17,20-05-2025 03:17,Medium,Login
1106,13-06-2025 05:07,14-06-2025 01:07,Low,Other
1107,18-05-2025 18:22,19-05-2025 09:22,Medium,Login
1108,07-05-2025 15:06,07-05-2025 23:06,Medium,Payment
1109,09-06-2025 22:58,10-06-2025 20:58,Low,Other
1110,26-06-2025 19:21,27-06-2025 07:21,Medium,Login
1111,28-05-2025 10:19,29-05-2025 04:19,Low,Bug
1112,16-05-2025 10:05,16-05-2025 20:05,Medium,Bug
1113,03-05-2025 04:59,03-05-2025 05:59,High,Payment
1114,16-06-2025 12:53,16-06-2025 17:53,High,Bug
1115,29-06-2025 09:45,29-06-2025 12:45,High,Login
1116,12-06-2025 09:11,13-06-2025 19:11,Low,Bug
1117,21-06-2025 12:53,22-06-2025 06:53,Low,Bug
1118,26-06-2025 21:13,27-06-2025 10:13,Medium,Login
1119,10-06-2025 03:10,11-06-2025 02:10,Low,Other
1120,03-06-2025 09:06,03-06-2025 23:06,Medium,Bug
1121,19-06-2025 06:39,20-06-2025 11:39,Low,Login
1122,04-06-2025 02:15,04-06-2025 14:15,Low,Bug
1123,13-05-2025 12:58,14-05-2025 03:58,Medium,Login
1124,10-05-2025 01:59,10-05-2025 12:59,Medium,Other
1125,16-06-2025 04:52,16-06-2025 06:52,High,Other
1126,19-05-2025 17:51,21-05-2025 01:51,Low,Login
1127,30-05-2025 01:40,30-05-2025 06:40,High,Bug
1128,05-06-2025 09:44,05-06-2025 22:44,Medium,Payment
1129,11-05-2025 22:02,12-05-2025 04:02,High,Login
1130,31-05-2025 11:37,01-06-2025 02:37,Medium,Payment
1131,30-06-2025 21:59,02-07-2025 01:59,Low,Payment
1132,02-05-2025 17:15,03-05-2025 12:15,Low,Bug
1133,21-06-2025 20:37,22-06-2025 01:37,High,Other
1134,15-06-2025 14:38,16-06-2025 04:38,Medium,Login
1135,31-05-2025 12:20,31-05-2025 20:20,Medium,Login
1136,26-06-2025 21:30,28-06-2025 08:30,Low,Other
1137,26-06-2025 04:01,27-06-2025 05:01,Low,Payment
1138,18-05-2025 05:37,19-05-2025 00:37,Low,Bug
1139,23-06-2025 14:51,23-06-2025 17:51,High,Login
1140,26-05-2025 11:37,26-05-2025 14:37,High,Other
1141,24-05-2025 13:13,25-05-2025 05:13,Low,Payment
1142,21-05-2025 01:48,21-05-2025 14:48,Medium,Login
1143,18-06-2025 20:27,19-06-2025 21:27,Low,Other
1144,29-06-2025 05:31,29-06-2025 19:31,Medium,Payment
1145,22-06-2025 07:05,22-06-2025 13:05,High,Payment
1146,10-05-2025 13:44,10-05-2025 18:44,High,Payment
1147,23-05-2025 09:43,23-05-2025 16:43,Medium,Bug
1148,29-05-2025 11:27,29-05-2025 13:27,High,Other
1149,30-05-2025 21:20,31-05-2025 11:20,Medium,Payment
1150,25-06-2025 15:24,26-06-2025 00:24,Medium,Other
1151,06-05-2025 17:18,06-05-2025 19:18,High,Login
1152,09-05-2025 16:39,10-05-2025 03:39,Medium,Bug
1153,05-05-2025 16:32,06-05-2025 09:32,Low,Login
1154,02-05-2025 23:38,04-05-2025 05:38,Low,Other
1155,08-05-2025 01:20,09-05-2025 07:20,Low,Bug
1156,26-06-2025 16:24,28-06-2025 03:24,Low,Login
1157,20-05-2025 21:24,22-05-2025 00:24,Low,Bug
1158,19-05-2025 07:27,20-05-2025 00:27,Low,Bug
1159,29-06-2025 02:31,29-06-2025 20:31,Low,Login
1160,15-06-2025 18:21,17-06-2025 04:21,Low,Login
1161,09-06-2025 00:34,09-06-2025 16:34,Low,Login
1162,20-05-2025 04:43,20-05-2025 06:43,High,Bug
1163,17-06-2025 04:28,17-06-2025 18:28,Medium,Bug
1164,09-06-2025 00:56,09-06-2025 06:56,High,Login
1165,15-06-2025 15:54,17-06-2025 03:54,Low,Other
1166,02-06-2025 13:21,03-06-2025 03:21,Medium,Payment
1167,26-06-2025 21:40,28-06-2025 03:40,Low,Other
1168,03-06-2025 11:02,03-06-2025 20:02,Medium,Other
1169,14-05-2025 11:23,15-05-2025 01:23,Medium,Other
1170,10-05-2025 08:19,10-05-2025 16:19,Medium,Other
1171,29-06-2025 20:57,30-06-2025 14:57,Low,Bug
1172,11-06-2025 23:40,12-06-2025 08:40,Medium,Payment
1173,18-05-2025 01:28,18-05-2025 20:28,Low,Other
1174,16-06-2025 10:40,17-06-2025 08:40,Low,Payment
1175,16-06-2025 21:17,17-06-2025 16:17,Low,Payment
1176,07-05-2025 22:56,08-05-2025 08:56,Medium,Login
1177,20-05-2025 03:53,20-05-2025 20:53,Low,Payment
1178,24-05-2025 01:09,24-05-2025 07:09,High,Login
1179,04-05-2025 05:35,04-05-2025 19:35,Low,Payment
1180,07-05-2025 00:43,07-05-2025 14:43,Medium,Payment
1181,15-06-2025 08:05,15-06-2025 21:05,Medium,Login
1182,24-06-2025 23:18,25-06-2025 13:18,Medium,Bug
1183,16-05-2025 14:49,16-05-2025 23:49,Medium,Login
1184,24-05-2025 21:05,25-05-2025 14:05,Low,Payment
1185,02-06-2025 00:00,02-06-2025 08:00,Medium,Bug
1186,05-05-2025 08:19,05-05-2025 11:19,High,Login
1187,05-06-2025 12:57,05-06-2025 14:57,High,Payment
1188,14-06-2025 00:10,15-06-2025 02:10,Low,Other
1189,13-05-2025 20:29,14-05-2025 07:29,Medium,Bug
1190,29-06-2025 16:58,30-06-2025 11:58,Low,Other
1191,19-06-2025 22:31,21-06-2025 09:31,Low,Other
1192,02-05-2025 09:31,02-05-2025 23:31,Medium,Other
1193,08-05-2025 12:06,09-05-2025 11:06,Low,Payment
1194,25-06-2025 22:42,26-06-2025 18:42,Low,Bug
1195,09-05-2025 11:19,10-05-2025 00:19,Low,Other
1196,25-06-2025 18:30,26-06-2025 00:30,High,Payment
1197,21-05-2025 16:43,22-05-2025 13:43,Low,Other
1198,24-06-2025 20:55,25-06-2025 17:55,Low,Other
1199,28-05-2025 11:42,29-05-2025 00:42,Low,Bug
1200,26-05-2025 14:49,27-05-2025 01:49,Medium,Bug
1201,19-05-2025 02:13,19-05-2025 08:13,Medium,Login
1202,01-05-2025 15:25,01-05-2025 20:25,High,Bug
1203,27-06-2025 09:46,27-06-2025 23:46,Medium,Other
1204,17-05-2025 21:50,18-05-2025 00:50,High,Payment
1205,02-06-2025 04:44,02-06-2025 15:44,Medium,Payment
1206,20-05-2025 16:28,20-05-2025 18:28,High,Payment
1207,07-05-2025 04:01,07-05-2025 18:01,Medium,Payment
1208,18-05-2025 21:02,19-05-2025 02:02,High,Login
1209,27-06-2025 00:27,27-06-2025 06:27,Medium,Other
1210,04-05-2025 13:55,04-05-2025 20:55,Medium,Payment
1211,18-06-2025 23:47,19-06-2025 19:47,Low,Login
1212,19-05-2025 23:05,20-05-2025 06:05,Medium,Login
1213,04-05-2025 15:03,05-05-2025 00:03,Medium,Other
1214,21-06-2025 16:11,22-06-2025 11:11,Low,Other
1215,07-06-2025 07:39,07-06-2025 15:39,Medium,Payment
1216,04-06-2025 03:47,05-06-2025 05:47,Low,Bug
1217,04-05-2025 12:00,04-05-2025 15:00,High,Payment
1218,26-05-2025 19:27,27-05-2025 00:27,High,Login
1219,15-05-2025 21:42,16-05-2025 03:42,Medium,Other
1220,26-06-2025 14:58,26-06-2025 21:58,Medium,Payment
1221,26-06-2025 01:52,26-06-2025 15:52,Medium,Other
1222,12-06-2025 06:46,12-06-2025 18:46,Low,Other
1223,15-05-2025 08:44,15-05-2025 13:44,High,Payment
1224,08-06-2025 09:20,08-06-2025 13:20,High,Payment
1225,04-06-2025 12:05,04-06-2025 17:05,High,Other
1226,25-06-2025 06:03,25-06-2025 19:03,Low,Other
1227,05-06-2025 13:54,06-06-2025 20:54,Low,Other
1228,14-06-2025 11:28,15-06-2025 01:28,Low,Login
1229,12-05-2025 14:56,12-05-2025 19:56,High,Bug
1230,09-05-2025 01:54,10-05-2025 07:54,Low,Login
1231,13-05-2025 05:41,14-05-2025 08:41,Low,Login
1232,08-06-2025 15:02,09-06-2025 19:02,Low,Login
1233,19-06-2025 13:57,20-06-2025 04:57,Medium,Bug
1234,23-05-2025 09:08,23-05-2025 18:08,Medium,Login
1235,17-06-2025 15:36,18-06-2025 13:36,Low,Login
1236,20-06-2025 15:39,20-06-2025 19:39,High,Payment
1237,13-05-2025 22:57,15-05-2025 06:57,Low,Payment
1238,11-05-2025 02:12,11-05-2025 18:12,Low,Login
1239,15-05-2025 02:37,15-05-2025 17:37,Medium,Other
1240,03-05-2025 06:22,04-05-2025 13:22,Low,Bug
1241,22-06-2025 22:17,23-06-2025 01:17,High,Payment
1242,25-06-2025 21:48,26-06-2025 15:48,Low,Other
1243,17-06-2025 22:53,18-06-2025 07:53,Medium,Login
1244,20-05-2025 01:05,20-05-2025 05:05,High,Login
1245,16-06-2025 17:06,17-06-2025 02:06,Medium,Other
1246,06-05-2025 18:13,07-05-2025 02:13,Medium,Other
1247,26-06-2025 08:46,26-06-2025 23:46,Low,Payment
1248,03-05-2025 15:18,03-05-2025 22:18,Medium,Bug
1249,08-05-2025 10:52,09-05-2025 22:52,Low,Login
1250,16-06-2025 02:49,17-06-2025 01:49,Low,Login
1251,30-06-2025 06:52,01-07-2025 03:52,Low,Login
1252,18-05-2025 11:15,18-05-2025 13:15,High,Other
1253,01-05-2025 16:37,02-05-2025 06:37,Medium,Payment
1254,29-06-2025 17:54,30-06-2025 02:54,Medium,Login
1255,15-05-2025 08:45,15-05-2025 21:45,Medium,Bug
1256,01-06-2025 19:16,02-06-2025 10:16,Medium,Login
1257,15-06-2025 06:50,16-06-2025 00:50,Low,Bug
1258,02-06-2025 03:58,03-06-2025 03:58,Low,Other
1259,29-05-2025 06:13,30-05-2025 12:13,Low,Bug
1260,03-06-2025 10:15,03-06-2025 22:15,Medium,Other
1261,12-06-2025 08:44,12-06-2025 22:44,Medium,Login
1262,01-05-2025 23:20,02-05-2025 21:20,Low,Bug
1263,05-05-2025 02:42,05-05-2025 12:42,Medium,Login
1264,31-05-2025 17:12,02-06-2025 01:12,Low,Bug
1265,25-06-2025 09:32,25-06-2025 22:32,Low,Login
1266,09-06-2025 03:10,09-06-2025 06:10,High,Other
1267,20-06-2025 03:44,20-06-2025 14:44,Medium,Other
1268,16-05-2025 23:13,17-05-2025 14:13,Low,Bug
1269,04-05-2025 07:18,04-05-2025 10:18,High,Login
1270,22-05-2025 18:29,24-05-2025 06:29,Low,Bug
1271,25-06-2025 18:08,25-06-2025 19:08,High,Payment
1272,19-05-2025 19:43,19-05-2025 21:43,High,Login
1273,07-06-2025 01:53,07-06-2025 15:53,Low,Other
1274,17-06-2025 10:33,17-06-2025 17:33,Medium,Login
1275,04-06-2025 21:48,04-06-2025 23:48,High,Other
1276,24-06-2025 16:18,25-06-2025 05:18,Medium,Login
1277,23-05-2025 23:04,24-05-2025 05:04,High,Login
1278,19-05-2025 19:27,20-05-2025 23:27,Low,Other
1279,18-05-2025 22:27,19-05-2025 13:27,Low,Payment
1280,06-05-2025 21:49,08-05-2025 04:49,Low,Payment
1281,05-05-2025 13:38,05-05-2025 20:38,Medium,Bug
1282,06-05-2025 08:08,06-05-2025 19:08,Medium,Other
1283,17-06-2025 11:03,17-06-2025 21:03,Medium,Other
1284,25-06-2025 01:53,25-06-2025 06:53,High,Login
1285,06-05-2025 07:24,06-05-2025 08:24,High,Other
1286,12-06-2025 10:28,12-06-2025 20:28,Medium,Login
1287,17-05-2025 17:11,18-05-2025 09:11,Low,Payment
1288,16-06-2025 03:42,16-06-2025 16:42,Low,Other
1289,11-05-2025 22:51,13-05-2025 06:51,Low,Payment
1290,04-06-2025 02:17,04-06-2025 15:17,Medium,Other
1291,30-05-2025 20:36,31-05-2025 01:36,High,Other
1292,22-06-2025 22:45,23-06-2025 13:45,Medium,Bug
1293,14-05-2025 05:34,15-05-2025 02:34,Low,Login
1294,11-05-2025 01:42,12-05-2025 04:42,Low,Login
1295,23-05-2025 22:35,24-05-2025 11:35,Medium,Other
1296,10-06-2025 22:13,10-06-2025 23:13,High,Bug
1297,06-06-2025 20:50,07-06-2025 17:50,Low,Other
1298,09-06-2025 23:42,11-06-2025 11:42,Low,Login
1299,30-06-2025 18:09,01-07-2025 15:09,Low,Payment
1300,17-05-2025 15:06,18-05-2025 03:06,Medium,Login
1301,26-06-2025 02:55,26-06-2025 21:55,Low,Payment
1302,26-06-2025 16:33,27-06-2025 06:33,Medium,Login
1303,30-06-2025 03:48,30-06-2025 19:48,Low,Login
1304,08-06-2025 05:55,08-06-2025 23:55,Low,Other
1305,30-06-2025 21:37,30-06-2025 23:37,High,Bug
1306,17-06-2025 02:37,17-06-2025 15:37,Low,Login
1307,01-05-2025 19:41,02-05-2025 10:41,Medium,Payment
1308,10-06-2025 10:39,11-06-2025 01:39,Medium,Payment
1309,05-05-2025 00:52,05-05-2025 03:52,High,Bug
1310,10-05-2025 07:49,11-05-2025 14:49,Low,Payment
1311,12-06-2025 15:49,12-06-2025 21:49,High,Login
1312,26-06-2025 09:29,26-06-2025 23:29,Low,Bug
1313,27-05-2025 20:09,29-05-2025 01:09,Low,Other
1314,03-06-2025 06:20,03-06-2025 14:20,Medium,Bug
1315,21-05-2025 00:31,21-05-2025 03:31,High,Login
1316,05-06-2025 13:37,05-06-2025 14:37,High,Other
1317,25-06-2025 18:48,25-06-2025 21:48,High,Other
1318,09-06-2025 23:08,10-06-2025 20:08,Low,Login
1319,03-06-2025 00:37,03-06-2025 05:37,High,Login
1320,13-06-2025 07:49,13-06-2025 11:49,High,Payment
1321,12-06-2025 08:30,12-06-2025 14:30,Medium,Other
1322,19-06-2025 21:49,21-06-2025 02:49,Low,Payment
1323,22-05-2025 13:56,22-05-2025 18:56,High,Login
1324,31-05-2025 22:06,01-06-2025 22:06,Low,Other
1325,25-05-2025 16:43,26-05-2025 15:43,Low,Other
1326,21-06-2025 14:05,22-06-2025 08:05,Low,Payment
1327,18-05-2025 22:25,19-05-2025 05:25,Medium,Other
1328,12-06-2025 15:47,13-06-2025 02:47,Medium,Bug
1329,06-06-2025 07:38,06-06-2025 11:38,High,Payment
1330,16-06-2025 08:55,16-06-2025 17:55,Medium,Login
1331,15-05-2025 07:33,16-05-2025 10:33,Low,Bug
1332,25-06-2025 16:14,26-06-2025 07:14,Medium,Payment
1333,24-05-2025 00:28,25-05-2025 02:28,Low,Other
1334,12-05-2025 17:16,13-05-2025 14:16,Low,Bug
1335,30-06-2025 20:38,01-07-2025 03:38,Medium,Other
1336,22-06-2025 03:00,22-06-2025 18:00,Medium,Login
1337,13-06-2025 02:44,13-06-2025 10:44,Medium,Bug
1338,01-05-2025 13:57,01-05-2025 15:57,High,Other
1339,12-06-2025 13:45,13-06-2025 03:45,Low,Login
1340,28-05-2025 10:48,29-05-2025 11:48,Low,Payment
1341,17-06-2025 19:26,17-06-2025 21:26,High,Bug
1342,18-06-2025 18:23,19-06-2025 13:23,Low,Login
1343,03-06-2025 09:59,04-06-2025 01:59,Low,Other
1344,21-06-2025 19:56,22-06-2025 08:56,Low,Bug
1345,21-05-2025 18:15,22-05-2025 07:15,Low,Other
1346,16-06-2025 23:02,17-06-2025 20:02,Low,Payment
1347,27-05-2025 07:28,27-05-2025 16:28,Medium,Bug
1348,30-05-2025 03:43,30-05-2025 04:43,High,Other
1349,28-05-2025 18:27,28-05-2025 20:27,High,Bug
1350,16-06-2025 08:43,16-06-2025 12:43,High,Bug
1351,10-06-2025 06:00,11-06-2025 17:00,Low,Login
1352,15-06-2025 06:59,15-06-2025 08:59,High,Other
1353,06-05-2025 10:13,07-05-2025 08:13,Low,Payment
1354,23-06-2025 04:26,23-06-2025 08:26,High,Other
1355,17-06-2025 06:56,17-06-2025 21:56,Low,Login
1356,18-06-2025 15:03,19-06-2025 00:03,Medium,Login
1357,19-06-2025 19:32,20-06-2025 01:32,Medium,Other
1358,25-05-2025 02:07,26-05-2025 03:07,Low,Login
1359,13-05-2025 00:39,13-05-2025 20:39,Low,Payment
1360,08-06-2025 17:39,09-06-2025 04:39,Medium,Login
1361,08-05-2025 00:40,08-05-2025 13:40,Medium,Other
1362,27-05-2025 23:12,28-05-2025 23:12,Low,Other
1363,30-05-2025 08:09,30-05-2025 09:09,High,Bug
1364,11-05-2025 15:31,12-05-2025 00:31,Medium,Payment
1365,01-06-2025 00:33,01-06-2025 15:33,Medium,Login
1366,29-06-2025 06:10,29-06-2025 07:10,High,Bug
1367,15-05-2025 05:17,15-05-2025 17:17,Medium,Other
1368,20-05-2025 19:06,22-05-2025 01:06,Low,Login
1369,27-06-2025 17:43,28-06-2025 06:43,Medium,Bug
1370,01-05-2025 08:12,02-05-2025 09:12,Low,Other
1371,13-05-2025 16:44,14-05-2025 16:44,Low,Bug
1372,06-06-2025 08:16,06-06-2025 20:16,Medium,Other
1373,23-05-2025 04:18,23-05-2025 19:18,Medium,Login
1374,27-06-2025 01:43,27-06-2025 06:43,High,Login
1375,14-05-2025 17:38,15-05-2025 02:38,Medium,Bug
1376,07-06-2025 01:10,07-06-2025 07:10,Medium,Login
1377,16-06-2025 08:12,16-06-2025 19:12,Medium,Payment
1378,07-06-2025 22:59,08-06-2025 01:59,High,Payment
1379,21-05-2025 19:27,21-05-2025 23:27,High,Other
1380,21-06-2025 21:29,22-06-2025 17:29,Low,Login
1381,25-06-2025 23:46,26-06-2025 20:46,Low,Payment
1382,03-05-2025 20:26,04-05-2025 10:26,Medium,Bug
1383,09-06-2025 20:11,09-06-2025 23:11,High,Login
1384,26-05-2025 04:23,27-05-2025 15:23,Low,Login
1385,11-06-2025 10:34,11-06-2025 14:34,High,Login
1386,03-06-2025 21:09,04-06-2025 18:09,Low,Other
1387,09-06-2025 02:14,09-06-2025 15:14,Medium,Payment
1388,13-05-2025 17:07,13-05-2025 23:07,High,Other
1389,24-06-2025 14:29,25-06-2025 00:29,Medium,Payment
1390,09-05-2025 02:37,09-05-2025 15:37,Low,Other
1391,26-05-2025 16:06,28-05-2025 02:06,Low,Login
1392,20-06-2025 10:09,21-06-2025 01:09,Low,Login
1393,12-05-2025 12:31,13-05-2025 03:31,Medium,Bug
1394,12-06-2025 02:12,12-06-2025 17:12,Low,Login
1395,21-05-2025 18:56,21-05-2025 21:56,High,Login
1396,26-05-2025 09:15,26-05-2025 12:15,High,Login
1397,06-05-2025 06:28,07-05-2025 01:28,Low,Login
1398,10-06-2025 19:53,11-06-2025 06:53,Medium,Other
1399,07-06-2025 12:41,09-06-2025 00:41,Low,Login
1400,23-06-2025 19:28,24-06-2025 10:28,Medium,Payment
1401,13-06-2025 18:50,14-06-2025 17:50,Low,Login
1402,18-05-2025 11:17,19-05-2025 02:17,Medium,Bug
1403,30-05-2025 11:37,31-05-2025 18:37,Low,Payment
1404,02-05-2025 15:15,03-05-2025 05:15,Medium,Payment
1405,31-05-2025 20:21,02-06-2025 04:21,Low,Other
1406,09-05-2025 00:04,09-05-2025 07:04,Medium,Login
1407,04-06-2025 05:45,04-06-2025 09:45,High,Other
1408,25-06-2025 21:58,27-06-2025 02:58,Low,Login
1409,05-06-2025 05:21,05-06-2025 10:21,High,Payment
1410,04-06-2025 15:08,04-06-2025 21:08,Medium,Other
1411,03-06-2025 14:15,03-06-2025 17:15,High,Bug
1412,21-05-2025 21:38,22-05-2025 15:38,Low,Payment
1413,08-05-2025 21:25,10-05-2025 00:25,Low,Other
1414,26-05-2025 07:23,27-05-2025 14:23,Low,Login
1415,16-06-2025 16:23,16-06-2025 20:23,High,Payment
1416,08-05-2025 04:02,08-05-2025 21:02,Low,Bug
1417,31-05-2025 21:35,01-06-2025 06:35,Medium,Login
1418,13-06-2025 08:13,13-06-2025 22:13,Low,Other
1419,11-06-2025 11:14,11-06-2025 19:14,Medium,Bug
1420,30-06-2025 17:36,30-06-2025 23:36,Medium,Login
1421,08-05-2025 19:00,09-05-2025 07:00,Low,Bug
1422,02-05-2025 09:49,03-05-2025 19:49,Low,Other
1423,21-06-2025 22:14,22-06-2025 11:14,Low,Login
1424,09-05-2025 11:24,09-05-2025 15:24,High,Other
1425,15-05-2025 01:28,16-05-2025 03:28,Low,Login
1426,15-05-2025 06:21,15-05-2025 16:21,Medium,Payment
1427,21-06-2025 04:08,21-06-2025 17:08,Medium,Bug
1428,12-06-2025 02:17,12-06-2025 15:17,Medium,Payment
1429,13-06-2025 14:18,14-06-2025 22:18,Low,Bug
1430,21-06-2025 17:37,22-06-2025 01:37,Medium,Payment
1431,09-05-2025 13:21,10-05-2025 13:21,Low,Other
1432,04-05-2025 16:07,06-05-2025 01:07,Low,Payment
1433,14-06-2025 18:19,15-06-2025 10:19,Low,Other
1434,21-05-2025 19:18,23-05-2025 02:18,Low,Bug
1435,30-06-2025 21:38,01-07-2025 20:38,Low,Login
1436,06-06-2025 08:05,06-06-2025 10:05,High,Login
1437,18-05-2025 11:22,18-05-2025 12:22,High,Payment
1438,19-06-2025 21:49,20-06-2025 06:49,Medium,Payment
1439,02-06-2025 13:54,02-06-2025 14:54,High,Payment
1440,09-05-2025 08:30,10-05-2025 09:30,Low,Other
1441,07-05-2025 15:52,07-05-2025 16:52,High,Bug
1442,17-05-2025 17:01,18-05-2025 13:01,Low,Bug
1443,03-06-2025 11:43,03-06-2025 19:43,Medium,Payment
1444,26-06-2025 22:56,27-06-2025 13:56,Low,Other
1445,21-05-2025 16:59,21-05-2025 18:59,High,Login
1446,01-06-2025 19:18,02-06-2025 01:18,Medium,Other
1447,01-06-2025 13:07,01-06-2025 22:07,Medium,Payment
1448,30-05-2025 21:53,31-05-2025 04:53,Medium,Login
1449,28-05-2025 08:28,29-05-2025 18:28,Low,Other
1450,03-05-2025 02:41,04-05-2025 06:41,Low,Other
1451,21-05-2025 05:05,21-05-2025 17:05,Low,Payment
1452,02-06-2025 19:42,03-06-2025 10:42,Medium,Other
1453,05-05-2025 14:58,05-05-2025 22:58,Medium,Payment
1454,14-06-2025 11:11,15-06-2025 21:11,Low,Other
1455,19-06-2025 15:18,20-06-2025 03:18,Low,Bug
1456,24-06-2025 06:01,25-06-2025 01:01,Low,Bug
1457,11-06-2025 02:06,11-06-2025 16:06,Low,Bug
1458,02-05-2025 23:29,03-05-2025 01:29,High,Bug
1459,31-05-2025 15:59,31-05-2025 21:59,High,Bug
1460,08-05-2025 05:02,09-05-2025 01:02,Low,Payment
1461,17-05-2025 04:50,17-05-2025 07:50,High,Other
1462,02-06-2025 08:05,03-06-2025 06:05,Low,Bug
1463,30-06-2025 01:14,30-06-2025 07:14,High,Login
1464,24-05-2025 23:15,26-05-2025 05:15,Low,Bug
1465,11-06-2025 14:02,12-06-2025 02:02,Medium,Other
1466,28-05-2025 22:37,29-05-2025 13:37,Low,Payment
1467,17-06-2025 17:09,17-06-2025 23:09,Medium,Payment
1468,28-06-2025 11:07,28-06-2025 18:07,Medium,Bug
1469,06-06-2025 11:03,06-06-2025 17:03,High,Payment
1470,16-06-2025 17:00,17-06-2025 16:00,Low,Bug
1471,17-06-2025 18:16,19-06-2025 01:16,Low,Bug
1472,09-06-2025 22:47,09-06-2025 23:47,High,Payment
1473,12-05-2025 07:48,12-05-2025 15:48,Medium,Login
1474,30-06-2025 14:14,01-07-2025 03:14,Medium,Bug
1475,08-06-2025 13:17,08-06-2025 16:17,High,Login
1476,28-05-2025 07:39,28-05-2025 13:39,Medium,Bug
1477,25-05-2025 19:38,26-05-2025 22:38,Low,Payment
1478,13-06-2025 04:30,13-06-2025 23:30,Low,Login
1479,28-05-2025 08:39,29-05-2025 02:39,Low,Other
1480,15-06-2025 19:20,16-06-2025 01:20,Medium,Bug
1481,22-05-2025 08:35,22-05-2025 21:35,Low,Payment
1482,03-05-2025 02:59,03-05-2025 07:59,High,Other
1483,08-06-2025 09:42,08-06-2025 15:42,Medium,Other
1484,20-05-2025 02:06,20-05-2025 13:06,Medium,Payment
1485,25-05-2025 04:55,26-05-2025 03:55,Low,Bug
1486,02-05-2025 17:02,03-05-2025 07:02,Low,Login
1487,02-05-2025 04:39,03-05-2025 15:39,Low,Other
1488,31-05-2025 08:08,01-06-2025 00:08,Low,Login
1489,12-06-2025 17:32,12-06-2025 19:32,High,Other
1490,18-06-2025 15:54,19-06-2025 00:54,Medium,Login
1491,20-05-2025 05:22,20-05-2025 16:22,Medium,Bug
1492,07-05-2025 13:29,08-05-2025 22:29,Low,Other
1493,16-05-2025 07:09,16-05-2025 09:09,High,Payment
1494,21-06-2025 06:07,21-06-2025 22:07,Low,Bug
1495,21-06-2025 11:38,21-06-2025 23:38,Medium,Payment
1496,03-06-2025 14:51,04-06-2025 22:51,Low,Login
1497,17-06-2025 13:56,18-06-2025 18:56,Low,Payment
1498,22-06-2025 17:23,23-06-2025 21:23,Low,Login
1499,20-05-2025 08:02,20-05-2025 18:02,Medium,Bug
1500,05-06-2025 02:07,05-06-2025 16:07,Medium,Login
1501,25-05-2025 19:13,26-05-2025 01:13,High,Login
1502,01-05-2025 13:41,01-05-2025 21:41,Medium,Login
1503,08-05-2025 00:26,08-05-2025 09:26,Medium,Other
1504,09-05-2025 11:01,09-05-2025 23:01,Low,Payment
1505,15-05-2025 08:05,16-05-2025 16:05,Low,Other
1506,10-05-2025 07:56,10-05-2025 11:56,High,Other
1507,05-06-2025 01:48,06-06-2025 04:48,Low,Bug
1508,14-06-2025 08:55,14-06-2025 13:55,High,Bug
1509,27-05-2025 23:57,28-05-2025 01:57,High,Bug
1510,04-05-2025 10:14,05-05-2025 07:14,Low,Login
1511,02-06-2025 03:40,02-06-2025 10:40,Medium,Login
1512,11-05-2025 11:13,12-05-2025 03:13,Low,Other
1513,18-06-2025 03:33,18-06-2025 06:33,High,Bug
1514,19-06-2025 06:21,20-06-2025 13:21,Low,Other
1515,30-05-2025 17:42,31-05-2025 01:42,Medium,Other
1516,16-06-2025 19:47,18-06-2025 07:47,Low,Bug
1517,01-06-2025 20:06,02-06-2025 03:06,Medium,Other
1518,15-06-2025 16:00,16-06-2025 01:00,Medium,Other
1519,19-05-2025 17:42,20-05-2025 15:42,Low,Other
1520,04-06-2025 03:05,04-06-2025 22:05,Low,Bug
1521,17-06-2025 23:34,18-06-2025 11:34,Medium,Login
1522,28-06-2025 05:05,29-06-2025 16:05,Low,Other
1523,07-06-2025 14:36,08-06-2025 02:36,Medium,Login
1524,28-06-2025 23:10,30-06-2025 09:10,Low,Login
1525,07-05-2025 20:30,09-05-2025 05:30,Low,Bug
1526,25-05-2025 13:20,26-05-2025 04:20,Low,Bug
1527,15-06-2025 09:14,15-06-2025 23:14,Low,Login
1528,21-06-2025 04:56,22-06-2025 03:56,Low,Login
1529,05-06-2025 07:55,06-06-2025 05:55,Low,Bug
1530,03-06-2025 16:23,04-06-2025 10:23,Low,Bug
1531,27-06-2025 11:12,28-06-2025 07:12,Low,Login
1532,23-06-2025 12:52,24-06-2025 16:52,Low,Login
1533,10-06-2025 14:14,10-06-2025 17:14,High,Bug
1534,25-06-2025 20:19,26-06-2025 11:19,Low,Login
1535,29-05-2025 09:51,29-05-2025 23:51,Medium,Other
1536,21-05-2025 02:50,22-05-2025 12:50,Low,Bug
1537,01-05-2025 19:53,02-05-2025 07:53,Medium,Login
1538,23-05-2025 20:15,25-05-2025 02:15,Low,Payment
1539,13-06-2025 01:54,13-06-2025 16:54,Low,Bug
1540,10-05-2025 11:33,10-05-2025 20:33,Medium,Other
1541,22-05-2025 20:09,24-05-2025 08:09,Low,Login
1542,06-06-2025 00:49,07-06-2025 05:49,Low,Other
1543,30-06-2025 22:18,01-07-2025 22:18,Low,Other
1544,14-06-2025 08:54,14-06-2025 14:54,Medium,Login
1545,26-06-2025 11:37,26-06-2025 14:37,High,Other
1546,13-05-2025 03:43,13-05-2025 11:43,Medium,Payment
1547,16-06-2025 08:10,16-06-2025 14:10,High,Payment
1548,15-06-2025 07:37,16-06-2025 12:37,Low,Login
1549,27-05-2025 11:15,28-05-2025 00:15,Low,Other
1550,06-06-2025 16:31,07-06-2025 07:31,Medium,Other
1551,16-05-2025 04:58,17-05-2025 01:58,Low,Login
1552,04-05-2025 03:17,04-05-2025 09:17,Medium,Payment
1553,18-06-2025 10:58,18-06-2025 21:58,Medium,Other
1554,12-06-2025 23:40,14-06-2025 08:40,Low,Other
1555,16-05-2025 09:54,17-05-2025 21:54,Low,Other
1556,29-06-2025 17:53,30-06-2025 19:53,Low,Payment
1557,03-06-2025 16:34,04-06-2025 16:34,Low,Other
1558,03-06-2025 03:51,03-06-2025 15:51,Low,Payment
1559,12-05-2025 10:42,12-05-2025 23:42,Medium,Payment
1560,21-05-2025 23:54,22-05-2025 12:54,Medium,Bug
1561,05-06-2025 09:14,06-06-2025 00:14,Medium,Other
1562,18-05-2025 21:02,19-05-2025 03:02,Medium,Login
1563,28-05-2025 15:52,29-05-2025 07:52,Low,Login
1564,17-06-2025 08:48,17-06-2025 20:48,Medium,Bug
1565,25-06-2025 01:09,25-06-2025 05:09,High,Other
1566,29-06-2025 17:01,30-06-2025 01:01,Medium,Bug
1567,07-06-2025 19:22,08-06-2025 00:22,High,Bug
1568,24-06-2025 17:19,25-06-2025 05:19,Medium,Other
1569,10-05-2025 22:01,11-05-2025 00:01,High,Bug
1570,07-06-2025 02:23,07-06-2025 17:23,Medium,Payment
1571,18-06-2025 00:34,18-06-2025 06:34,High,Bug
1572,02-06-2025 07:11,02-06-2025 20:11,Medium,Payment
1573,30-05-2025 07:02,30-05-2025 16:02,Medium,Login
1574,23-06-2025 10:41,23-06-2025 23:41,Low,Bug
1575,12-06-2025 19:01,14-06-2025 01:01,Low,Other
1576,27-05-2025 00:33,28-05-2025 01:33,Low,Payment
1577,21-06-2025 20:17,23-06-2025 03:17,Low,Other
1578,08-06-2025 15:54,09-06-2025 14:54,Low,Bug
1579,14-06-2025 03:43,15-06-2025 05:43,Low,Payment
1580,30-06-2025 20:13,01-07-2025 01:13,High,Bug
1581,16-06-2025 07:50,16-06-2025 20:50,Low,Login
1582,24-06-2025 01:31,24-06-2025 04:31,High,Login
1583,04-05-2025 05:01,04-05-2025 20:01,Medium,Payment
1584,26-06-2025 22:20,27-06-2025 15:20,Low,Login
1585,16-06-2025 18:58,17-06-2025 08:58,Medium,Login
1586,11-06-2025 05:28,12-06-2025 06:28,Low,Payment
1587,21-06-2025 02:53,22-06-2025 05:53,Low,Bug
1588,24-05-2025 05:07,25-05-2025 15:07,Low,Bug
1589,12-06-2025 07:54,12-06-2025 10:54,High,Other
1590,01-05-2025 00:03,01-05-2025 05:03,High,Payment
1591,04-05-2025 06:07,04-05-2025 10:07,High,Login
1592,30-05-2025 02:14,30-05-2025 20:14,Low,Other
1593,12-06-2025 15:24,13-06-2025 05:24,Medium,Other
1594,13-05-2025 04:24,13-05-2025 07:24,High,Login
1595,12-05-2025 04:43,12-05-2025 07:43,High,Other
1596,06-06-2025 16:24,06-06-2025 18:24,High,Other
1597,05-06-2025 01:38,05-06-2025 04:38,High,Payment
1598,07-05-2025 01:47,07-05-2025 15:47,Medium,Login
1599,18-06-2025 04:03,19-06-2025 14:03,Low,Payment
1600,27-06-2025 19:34,28-06-2025 05:34,Medium,Other
1601,15-06-2025 10:02,15-06-2025 19:02,Medium,Login
1602,22-05-2025 08:06,23-05-2025 05:06,Low,Other
1603,20-05-2025 14:31,21-05-2025 20:31,Low,Other
1604,01-06-2025 07:27,01-06-2025 21:27,Medium,Other
1605,03-05-2025 18:27,04-05-2025 22:27,Low,Other
1606,27-06-2025 00:29,28-06-2025 06:29,Low,Other
1607,28-05-2025 14:54,29-05-2025 21:54,Low,Login
1608,19-06-2025 14:03,20-06-2025 00:03,Medium,Other
1609,08-05-2025 01:17,08-05-2025 07:17,High,Other
1610,04-05-2025 18:30,05-05-2025 03:30,Medium,Payment
1611,19-06-2025 08:54,19-06-2025 14:54,Medium,Bug
1612,26-06-2025 07:01,27-06-2025 09:01,Low,Other
1613,16-05-2025 18:59,17-05-2025 03:59,Medium,Payment
1614,26-06-2025 05:39,26-06-2025 07:39,High,Payment
1615,20-06-2025 02:48,20-06-2025 23:48,Low,Login
1616,20-05-2025 23:40,21-05-2025 19:40,Low,Payment
1617,20-06-2025 11:39,20-06-2025 18:39,Medium,Payment
1618,07-05-2025 13:44,08-05-2025 17:44,Low,Bug
1619,11-06-2025 01:35,12-06-2025 11:35,Low,Login
1620,05-06-2025 00:30,05-06-2025 13:30,Low,Login
1621,06-06-2025 12:57,06-06-2025 23:57,Medium,Bug
1622,10-06-2025 04:51,10-06-2025 07:51,High,Payment
1623,25-06-2025 00:13,25-06-2025 09:13,Medium,Other
1624,10-05-2025 07:51,10-05-2025 19:51,Low,Bug
1625,18-06-2025 15:14,18-06-2025 23:14,Medium,Payment
1626,25-05-2025 19:57,26-05-2025 07:57,Medium,Login
1627,14-05-2025 14:51,15-05-2025 05:51,Low,Other
1628,18-06-2025 00:46,18-06-2025 19:46,Low,Other
1629,26-06-2025 02:30,27-06-2025 10:30,Low,Login
1630,05-06-2025 06:15,06-06-2025 18:15,Low,Login
1631,09-05-2025 17:20,10-05-2025 01:20,Medium,Payment
1632,05-06-2025 07:36,05-06-2025 13:36,High,Bug
1633,03-06-2025 00:25,03-06-2025 06:25,High,Login
1634,25-05-2025 11:37,26-05-2025 23:37,Low,Login
1635,10-06-2025 03:09,10-06-2025 08:09,High,Bug
1636,21-05-2025 13:22,22-05-2025 23:22,Low,Login
1637,24-05-2025 21:32,25-05-2025 14:32,Low,Other
1638,27-05-2025 04:21,27-05-2025 14:21,Medium,Other
1639,30-06-2025 17:37,02-07-2025 01:37,Low,Bug
1640,09-06-2025 11:31,10-06-2025 17:31,Low,Login
1641,25-05-2025 04:52,26-05-2025 03:52,Low,Other
1642,10-06-2025 10:23,11-06-2025 10:23,Low,Login
1643,18-06-2025 19:47,19-06-2025 10:47,Medium,Other
1644,20-06-2025 02:13,20-06-2025 15:13,Medium,Login
1645,26-06-2025 20:38,27-06-2025 07:38,Medium,Other
1646,16-05-2025 04:41,16-05-2025 07:41,High,Bug
1647,04-05-2025 01:42,05-05-2025 01:42,Low,Payment
1648,23-05-2025 15:22,23-05-2025 23:22,Medium,Bug
1649,11-05-2025 15:51,12-05-2025 19:51,Low,Payment
1650,10-06-2025 23:02,11-06-2025 02:02,High,Bug
1651,04-06-2025 14:53,05-06-2025 22:53,Low,Bug
1652,06-06-2025 20:08,07-06-2025 03:08,Medium,Bug
1653,28-05-2025 23:02,29-05-2025 08:02,Medium,Payment
1654,14-05-2025 02:35,14-05-2025 10:35,Medium,Login
1655,05-06-2025 02:28,06-06-2025 08:28,Low,Login
1656,26-06-2025 14:13,27-06-2025 23:13,Low,Login
1657,17-05-2025 01:44,17-05-2025 08:44,Medium,Login
1658,29-06-2025 17:17,30-06-2025 19:17,Low,Payment
1659,02-06-2025 09:43,02-06-2025 17:43,Medium,Payment
1660,26-05-2025 20:34,27-05-2025 09:34,Medium,Login
1661,17-06-2025 02:01,17-06-2025 17:01,Medium,Login
1662,07-06-2025 22:03,08-06-2025 23:03,Low,Bug
1663,16-06-2025 16:34,16-06-2025 22:34,Medium,Bug
1664,26-06-2025 22:09,27-06-2025 01:09,High,Other
1665,23-06-2025 04:20,23-06-2025 15:20,Medium,Bug
1666,09-06-2025 09:10,09-06-2025 16:10,Medium,Login
1667,04-05-2025 20:10,05-05-2025 09:10,Medium,Other
1668,09-06-2025 12:29,10-06-2025 01:29,Medium,Bug
1669,29-05-2025 23:16,30-05-2025 14:16,Medium,Login
1670,07-06-2025 21:15,09-06-2025 07:15,Low,Login
1671,16-05-2025 21:00,17-05-2025 04:00,Medium,Bug
1672,22-05-2025 02:49,22-05-2025 08:49,High,Payment
1673,20-06-2025 04:58,20-06-2025 11:58,Medium,Login
1674,22-05-2025 09:01,22-05-2025 20:01,Medium,Payment
1675,22-05-2025 04:23,22-05-2025 14:23,Medium,Login
1676,30-05-2025 08:47,30-05-2025 18:47,Medium,Login
1677,09-05-2025 01:08,10-05-2025 07:08,Low,Bug
1678,30-05-2025 23:41,31-05-2025 03:41,High,Payment
1679,28-05-2025 18:13,29-05-2025 01:13,Medium,Login
1680,06-05-2025 21:42,08-05-2025 04:42,Low,Login
1681,08-06-2025 01:36,09-06-2025 09:36,Low,Login
1682,14-06-2025 21:02,15-06-2025 04:02,Medium,Bug
1683,25-06-2025 06:09,25-06-2025 09:09,High,Other
1684,14-06-2025 12:20,15-06-2025 05:20,Low,Bug
1685,03-06-2025 13:44,03-06-2025 16:44,High,Login
1686,07-06-2025 22:10,07-06-2025 23:10,High,Bug
1687,31-05-2025 13:59,02-06-2025 00:59,Low,Other
1688,17-05-2025 15:33,17-05-2025 18:33,High,Other
1689,17-05-2025 21:59,18-05-2025 07:59,Medium,Bug
1690,27-05-2025 00:39,28-05-2025 09:39,Low,Bug
1691,03-06-2025 05:53,03-06-2025 09:53,High,Payment
1692,31-05-2025 21:46,02-06-2025 07:46,Low,Payment
1693,07-05-2025 17:15,08-05-2025 04:15,Medium,Bug
1694,14-06-2025 14:32,14-06-2025 23:32,Medium,Login
1695,19-05-2025 10:56,20-05-2025 12:56,Low,Bug
1696,01-05-2025 00:50,01-05-2025 12:50,Medium,Bug
1697,01-06-2025 08:50,01-06-2025 22:50,Medium,Payment
1698,17-06-2025 16:58,18-06-2025 16:58,Low,Login
1699,01-06-2025 09:21,02-06-2025 00:21,Low,Bug
1700,10-05-2025 12:14,10-05-2025 15:14,High,Bug
1701,22-06-2025 04:04,22-06-2025 20:04,Low,Payment
1702,05-05-2025 05:30,06-05-2025 17:30,Low,Bug
1703,17-05-2025 03:48,18-05-2025 12:48,Low,Login
1704,02-06-2025 10:04,02-06-2025 16:04,Medium,Other
1705,30-05-2025 02:05,30-05-2025 04:05,High,Other
1706,28-06-2025 00:05,28-06-2025 05:05,High,Payment
1707,22-06-2025 16:27,23-06-2025 05:27,Medium,Payment
1708,19-06-2025 15:19,20-06-2025 04:19,Medium,Bug
1709,08-06-2025 10:14,08-06-2025 15:14,High,Login
1710,21-06-2025 02:17,21-06-2025 12:17,Medium,Bug
1711,15-05-2025 11:13,15-05-2025 17:13,Medium,Bug
1712,28-06-2025 05:46,28-06-2025 18:46,Medium,Login
1713,19-05-2025 05:17,20-05-2025 08:17,Low,Other
1714,23-06-2025 16:36,24-06-2025 05:36,Medium,Payment
1715,18-05-2025 14:04,19-05-2025 05:04,Medium,Bug
1716,22-06-2025 06:10,23-06-2025 04:10,Low,Login
1717,20-06-2025 19:11,21-06-2025 17:11,Low,Other
1718,15-05-2025 15:11,16-05-2025 21:11,Low,Bug
1719,11-06-2025 21:32,12-06-2025 21:32,Low,Bug
1720,12-06-2025 07:02,13-06-2025 00:02,Low,Payment
1721,04-06-2025 21:41,05-06-2025 05:41,Medium,Login
1722,03-06-2025 01:59,04-06-2025 00:59,Low,Other
1723,15-06-2025 02:11,15-06-2025 07:11,High,Other
1724,27-05-2025 11:32,27-05-2025 19:32,Medium,Payment
1725,13-05-2025 17:35,14-05-2025 01:35,Medium,Bug
1726,03-06-2025 20:23,04-06-2025 09:23,Medium,Bug
1727,09-06-2025 18:19,10-06-2025 04:19,Medium,Bug
1728,11-05-2025 14:39,11-05-2025 16:39,High,Payment
1729,20-05-2025 01:57,20-05-2025 10:57,Medium,Payment
1730,21-06-2025 00:54,21-06-2025 09:54,Medium,Payment
1731,11-06-2025 00:18,11-06-2025 10:18,Medium,Login
1732,13-06-2025 02:23,13-06-2025 07:23,High,Bug
1733,28-05-2025 05:37,28-05-2025 15:37,Medium,Bug
1734,11-05-2025 20:59,12-05-2025 11:59,Low,Other
1735,01-06-2025 19:18,02-06-2025 04:18,Medium,Other
1736,22-06-2025 13:15,23-06-2025 04:15,Medium,Other
1737,27-05-2025 05:08,28-05-2025 09:08,Low,Other
1738,12-06-2025 02:41,12-06-2025 20:41,Low,Bug
1739,26-05-2025 11:11,27-05-2025 20:11,Low,Other
1740,22-05-2025 00:13,22-05-2025 07:13,Medium,Other
1741,09-05-2025 10:26,10-05-2025 16:26,Low,Payment
1742,27-05-2025 13:00,27-05-2025 22:00,Medium,Bug
1743,22-06-2025 19:15,23-06-2025 05:15,Medium,Payment
1744,12-06-2025 00:33,13-06-2025 06:33,Low,Bug
1745,17-06-2025 00:29,18-06-2025 05:29,Low,Bug
1746,08-05-2025 01:41,09-05-2025 07:41,Low,Login
1747,13-05-2025 12:35,13-05-2025 14:35,High,Payment
1748,22-06-2025 13:15,23-06-2025 23:15,Low,Login
1749,19-05-2025 10:32,20-05-2025 07:32,Low,Bug
1750,28-05-2025 00:42,28-05-2025 03:42,High,Login
1751,06-06-2025 08:17,06-06-2025 17:17,Medium,Login
1752,25-06-2025 22:15,26-06-2025 23:15,Low,Payment
1753,17-05-2025 04:31,17-05-2025 13:31,Medium,Login
1754,08-06-2025 18:24,10-06-2025 04:24,Low,Bug
1755,09-05-2025 07:34,10-05-2025 02:34,Low,Login
1756,14-05-2025 09:30,15-05-2025 11:30,Low,Login
1757,11-05-2025 10:28,11-05-2025 22:28,Medium,Login
1758,25-05-2025 17:21,25-05-2025 21:21,High,Other
1759,15-05-2025 15:22,15-05-2025 16:22,High,Other
1760,03-06-2025 07:17,04-06-2025 02:17,Low,Bug
1761,23-05-2025 07:32,23-05-2025 11:32,High,Login
1762,12-06-2025 21:19,13-06-2025 08:19,Medium,Other
1763,08-06-2025 16:36,10-06-2025 00:36,Low,Bug
1764,17-06-2025 03:42,17-06-2025 04:42,High,Payment
1765,17-05-2025 12:14,18-05-2025 04:14,Low,Other
1766,05-06-2025 19:43,07-06-2025 04:43,Low,Payment
1767,18-06-2025 11:09,19-06-2025 02:09,Medium,Payment
1768,02-06-2025 00:13,02-06-2025 10:13,Medium,Login
1769,25-06-2025 22:18,26-06-2025 05:18,Medium,Bug
1770,06-05-2025 21:48,07-05-2025 22:48,Low,Bug
1771,02-06-2025 10:46,03-06-2025 08:46,Low,Other
1772,05-06-2025 02:30,05-06-2025 08:30,High,Payment
1773,15-05-2025 05:55,16-05-2025 16:55,Low,Payment
1774,09-06-2025 23:02,10-06-2025 08:02,Medium,Other
1775,25-05-2025 14:55,26-05-2025 05:55,Medium,Bug
1776,29-05-2025 22:38,30-05-2025 11:38,Low,Other
1777,21-06-2025 12:59,22-06-2025 05:59,Low,Payment
1778,17-06-2025 17:24,18-06-2025 00:24,Medium,Payment
1779,16-06-2025 09:57,16-06-2025 10:57,High,Bug
1780,12-06-2025 09:23,13-06-2025 00:23,Medium,Login
1781,17-05-2025 16:10,19-05-2025 03:10,Low,Payment
1782,19-06-2025 14:55,19-06-2025 15:55,High,Bug
1783,01-06-2025 07:45,01-06-2025 20:45,Medium,Bug
1784,09-05-2025 07:19,09-05-2025 18:19,Medium,Login
1785,09-05-2025 16:57,10-05-2025 08:57,Low,Bug
1786,02-06-2025 23:26,03-06-2025 05:26,Medium,Login
1787,11-05-2025 17:54,11-05-2025 18:54,High,Login
1788,14-06-2025 22:50,15-06-2025 11:50,Medium,Login
1789,03-06-2025 12:36,04-06-2025 02:36,Low,Login
1790,17-06-2025 12:18,17-06-2025 14:18,High,Login
1791,13-05-2025 14:17,14-05-2025 01:17,Medium,Login
1792,24-06-2025 01:51,25-06-2025 09:51,Low,Bug
1793,16-05-2025 08:36,16-05-2025 13:36,High,Bug
1794,13-06-2025 12:22,13-06-2025 15:22,High,Login
1795,29-05-2025 00:42,30-05-2025 08:42,Low,Payment
1796,05-06-2025 07:52,05-06-2025 22:52,Medium,Payment
1797,21-05-2025 04:10,21-05-2025 15:10,Medium,Bug
1798,05-05-2025 05:31,05-05-2025 06:31,High,Other
1799,06-06-2025 12:04,06-06-2025 22:04,Medium,Login
1800,18-05-2025 00:31,18-05-2025 01:31,High,Other
1801,30-05-2025 08:34,30-05-2025 14:34,High,Login
1802,18-06-2025 02:00,19-06-2025 09:00,Low,Other
1803,08-05-2025 17:10,09-05-2025 05:10,Medium,Bug
1804,21-06-2025 19:24,22-06-2025 17:24,Low,Other
1805,15-06-2025 11:34,16-06-2025 13:34,Low,Payment
1806,17-06-2025 21:20,18-06-2025 07:20,Medium,Bug
1807,09-05-2025 23:11,10-05-2025 05:11,Medium,Login
1808,12-06-2025 11:27,13-06-2025 19:27,Low,Bug
1809,04-06-2025 23:26,05-06-2025 04:26,High,Login
1810,24-05-2025 06:07,24-05-2025 21:07,Low,Other
1811,24-06-2025 22:25,26-06-2025 07:25,Low,Bug
1812,23-05-2025 14:34,24-05-2025 00:34,Medium,Bug
1813,28-05-2025 01:52,28-05-2025 07:52,High,Payment
1814,06-05-2025 17:58,06-05-2025 23:58,Medium,Other
1815,04-05-2025 20:57,04-05-2025 22:57,High,Other
1816,01-05-2025 21:01,03-05-2025 09:01,Low,Payment
1817,20-06-2025 18:00,21-06-2025 02:00,Medium,Login
1818,05-06-2025 07:50,05-06-2025 15:50,Medium,Payment
1819,16-05-2025 21:18,17-05-2025 11:18,Medium,Bug
1820,18-06-2025 16:46,19-06-2025 06:46,Medium,Login
1821,16-05-2025 03:14,16-05-2025 17:14,Medium,Bug
1822,10-06-2025 19:52,11-06-2025 12:52,Low,Other
1823,07-06-2025 13:55,07-06-2025 15:55,High,Other
1824,19-05-2025 05:06,19-05-2025 10:06,High,Other
1825,10-05-2025 11:40,10-05-2025 21:40,Medium,Login
1826,18-05-2025 09:31,18-05-2025 20:31,Medium,Payment
1827,22-06-2025 13:53,23-06-2025 19:53,Low,Login
1828,10-06-2025 06:45,11-06-2025 18:45,Low,Bug
1829,01-05-2025 03:19,01-05-2025 07:19,High,Other
1830,26-05-2025 22:35,27-05-2025 15:35,Low,Bug
1831,11-05-2025 23:34,12-05-2025 12:34,Medium,Bug
1832,01-05-2025 15:14,01-05-2025 21:14,Medium,Other
1833,29-05-2025 20:35,30-05-2025 08:35,Low,Payment
1834,14-05-2025 05:25,14-05-2025 14:25,Medium,Other
1835,02-06-2025 20:46,03-06-2025 10:46,Low,Login
1836,25-06-2025 18:40,26-06-2025 02:40,Medium,Login
1837,18-05-2025 15:55,19-05-2025 03:55,Low,Other
1838,15-06-2025 00:18,15-06-2025 02:18,High,Bug
1839,11-06-2025 17:16,12-06-2025 05:16,Medium,Bug
1840,12-06-2025 23:44,13-06-2025 16:44,Low,Bug
1841,20-05-2025 03:44,21-05-2025 06:44,Low,Other
1842,03-06-2025 14:57,04-06-2025 03:57,Low,Bug
1843,13-06-2025 20:07,14-06-2025 09:07,Medium,Other
1844,28-06-2025 00:22,28-06-2025 23:22,Low,Bug
1845,19-06-2025 23:35,20-06-2025 10:35,Medium,Other
1846,16-05-2025 22:32,17-05-2025 00:32,High,Login
1847,22-06-2025 17:01,24-06-2025 05:01,Low,Login
1848,25-05-2025 21:30,26-05-2025 03:30,High,Payment
1849,11-05-2025 23:58,12-05-2025 04:58,High,Payment
1850,23-06-2025 16:47,23-06-2025 17:47,High,Payment
1851,23-05-2025 01:28,23-05-2025 15:28,Medium,Payment
1852,29-06-2025 07:25,29-06-2025 20:25,Medium,Payment
1853,03-05-2025 21:47,03-05-2025 23:47,High,Bug
1854,04-06-2025 11:26,05-06-2025 12:26,Low,Other
1855,10-05-2025 23:51,11-05-2025 08:51,Medium,Bug
1856,10-05-2025 19:47,12-05-2025 04:47,Low,Bug
1857,23-05-2025 04:31,23-05-2025 15:31,Medium,Payment
1858,22-06-2025 12:56,22-06-2025 22:56,Medium,Payment
1859,26-06-2025 00:20,27-06-2025 06:20,Low,Other
1860,02-05-2025 10:14,03-05-2025 02:14,Low,Bug
1861,18-05-2025 12:31,19-05-2025 03:31,Medium,Bug
1862,11-06-2025 04:44,12-06-2025 15:44,Low,Other
1863,22-06-2025 15:47,23-06-2025 15:47,Low,Other
1864,28-06-2025 10:06,29-06-2025 00:06,Medium,Other
1865,16-06-2025 00:53,17-06-2025 10:53,Low,Login
1866,29-06-2025 23:36,01-07-2025 05:36,Low,Bug
1867,13-06-2025 20:45,14-06-2025 16:45,Low,Bug
1868,14-05-2025 21:11,15-05-2025 22:11,Low,Payment
1869,04-05-2025 01:05,05-05-2025 02:05,Low,Other
1870,01-05-2025 21:55,02-05-2025 01:55,High,Login
1871,17-05-2025 13:56,18-05-2025 02:56,Medium,Other
1872,10-06-2025 08:24,11-06-2025 17:24,Low,Payment
1873,01-06-2025 01:04,01-06-2025 06:04,High,Bug
1874,29-05-2025 18:18,31-05-2025 02:18,Low,Login
1875,05-06-2025 08:57,06-06-2025 07:57,Low,Bug
1876,26-05-2025 16:24,27-05-2025 07:24,Medium,Login
1877,11-06-2025 08:08,11-06-2025 23:08,Medium,Bug
1878,21-06-2025 17:30,22-06-2025 16:30,Low,Login
1879,06-05-2025 05:45,07-05-2025 17:45,Low,Other
1880,30-05-2025 00:47,31-05-2025 06:47,Low,Bug
1881,07-05-2025 06:11,07-05-2025 13:11,Medium,Login
1882,20-06-2025 15:03,20-06-2025 18:03,High,Bug
1883,01-06-2025 21:52,03-06-2025 02:52,Low,Bug
1884,18-05-2025 19:10,18-05-2025 21:10,High,Other
1885,06-06-2025 17:56,07-06-2025 03:56,Medium,Bug
1886,23-06-2025 08:35,23-06-2025 16:35,Medium,Other
1887,25-05-2025 18:17,26-05-2025 21:17,Low,Login
1888,15-06-2025 03:18,15-06-2025 16:18,Low,Other
1889,19-06-2025 23:11,20-06-2025 13:11,Medium,Login
1890,08-06-2025 17:48,09-06-2025 04:48,Medium,Payment
1891,27-05-2025 04:01,27-05-2025 10:01,High,Login
1892,27-06-2025 21:24,28-06-2025 22:24,Low,Bug
1893,03-05-2025 13:01,03-05-2025 23:01,Medium,Bug
1894,02-06-2025 18:12,03-06-2025 07:12,Medium,Bug
1895,20-05-2025 01:29,20-05-2025 15:29,Medium,Other
1896,29-05-2025 16:22,30-05-2025 06:22,Medium,Bug
1897,19-05-2025 15:09,21-05-2025 01:09,Low,Payment
1898,16-05-2025 20:14,18-05-2025 04:14,Low,Other
1899,25-05-2025 06:06,25-05-2025 08:06,High,Payment
1900,05-06-2025 07:43,06-06-2025 05:43,Low,Payment
1901,29-05-2025 14:52,30-05-2025 04:52,Low,Login
1902,18-06-2025 11:49,19-06-2025 17:49,Low,Other
1903,03-06-2025 12:25,03-06-2025 18:25,High,Other
1904,01-05-2025 01:17,01-05-2025 03:17,High,Bug
1905,16-06-2025 10:46,16-06-2025 13:46,High,Payment
1906,20-05-2025 17:54,21-05-2025 08:54,Medium,Login
1907,09-05-2025 03:36,09-05-2025 19:36,Low,Login
1908,13-06-2025 13:36,14-06-2025 23:36,Low,Login
1909,18-05-2025 21:33,19-05-2025 04:33,Medium,Login
1910,31-05-2025 23:38,01-06-2025 06:38,Medium,Other
1911,26-06-2025 17:23,26-06-2025 20:23,High,Login
1912,04-05-2025 05:00,05-05-2025 08:00,Low,Login
1913,19-05-2025 06:04,19-05-2025 12:04,Medium,Bug
1914,08-05-2025 13:41,08-05-2025 21:41,Medium,Bug
1915,25-05-2025 00:39,25-05-2025 08:39,Medium,Other
1916,29-05-2025 14:49,29-05-2025 20:49,Medium,Payment
1917,11-05-2025 03:03,11-05-2025 05:03,High,Login
1918,26-05-2025 16:31,27-05-2025 09:31,Low,Bug
1919,15-05-2025 13:48,16-05-2025 13:48,Low,Payment
1920,15-05-2025 13:46,15-05-2025 20:46,Medium,Bug
1921,08-05-2025 04:02,08-05-2025 15:02,Medium,Payment
1922,03-05-2025 18:49,04-05-2025 21:49,Low,Payment
1923,30-05-2025 19:05,31-05-2025 07:05,Medium,Login
1924,07-06-2025 21:20,08-06-2025 11:20,Medium,Other
1925,18-06-2025 14:44,19-06-2025 21:44,Low,Bug
1926,09-06-2025 16:03,10-06-2025 07:03,Low,Other
1927,04-05-2025 11:13,05-05-2025 01:13,Medium,Login
1928,24-06-2025 15:10,24-06-2025 19:10,High,Other
1929,15-05-2025 10:12,15-05-2025 17:12,Medium,Bug
1930,24-05-2025 20:48,25-05-2025 03:48,Medium,Bug
1931,29-05-2025 21:59,30-05-2025 08:59,Medium,Bug
1932,31-05-2025 01:02,01-06-2025 05:02,Low,Payment
1933,02-06-2025 18:43,03-06-2025 10:43,Low,Bug
1934,10-06-2025 12:13,11-06-2025 05:13,Low,Payment
1935,01-05-2025 17:12,02-05-2025 23:12,Low,Other
1936,20-06-2025 01:37,21-06-2025 11:37,Low,Payment
1937,18-05-2025 23:18,19-05-2025 10:18,Medium,Login
1938,09-05-2025 08:46,09-05-2025 22:46,Low,Payment
1939,02-06-2025 03:34,02-06-2025 12:34,Medium,Payment
1940,28-05-2025 16:49,29-05-2025 04:49,Medium,Login
1941,07-06-2025 14:09,08-06-2025 04:09,Medium,Other
1942,20-05-2025 18:30,21-05-2025 00:30,High,Bug
1943,17-06-2025 22:50,18-06-2025 01:50,High,Bug
1944,06-05-2025 17:36,08-05-2025 01:36,Low,Payment
1945,06-05-2025 23:00,07-05-2025 21:00,Low,Bug
1946,19-05-2025 23:43,20-05-2025 04:43,High,Payment
1947,29-05-2025 23:45,31-05-2025 02:45,Low,Payment
1948,21-05-2025 21:05,22-05-2025 07:05,Medium,Other
1949,05-05-2025 20:36,06-05-2025 06:36,Medium,Login
1950,25-06-2025 10:33,26-06-2025 11:33,Low,Other
1951,31-05-2025 10:25,31-05-2025 22:25,Medium,Payment
1952,30-06-2025 08:41,30-06-2025 14:41,High,Bug
1953,17-05-2025 03:33,18-05-2025 14:33,Low,Bug
1954,19-06-2025 11:54,19-06-2025 16:54,High,Payment
1955,11-06-2025 10:28,11-06-2025 16:28,High,Other
1956,07-06-2025 07:13,08-06-2025 15:13,Low,Other
1957,08-06-2025 08:16,08-06-2025 14:16,Medium,Bug
1958,13-05-2025 05:28,13-05-2025 09:28,High,Bug
1959,16-05-2025 03:39,17-05-2025 05:39,Low,Other
1960,10-05-2025 14:23,10-05-2025 18:23,High,Login
1961,07-06-2025 05:42,07-06-2025 19:42,Low,Payment
1962,20-06-2025 21:42,22-06-2025 00:42,Low,Login
1963,27-06-2025 00:26,27-06-2025 13:26,Medium,Login
1964,27-06-2025 08:51,28-06-2025 10:51,Low,Payment
1965,01-06-2025 22:02,02-06-2025 10:02,Medium,Other
1966,01-06-2025 11:32,01-06-2025 12:32,High,Other
1967,26-06-2025 23:07,28-06-2025 01:07,Low,Payment
1968,02-06-2025 01:28,03-06-2025 10:28,Low,Login
1969,12-06-2025 07:52,12-06-2025 09:52,High,Login
1970,03-05-2025 02:43,04-05-2025 10:43,Low,Login
1971,02-06-2025 21:02,04-06-2025 08:02,Low,Login
1972,24-05-2025 05:27,24-05-2025 12:27,Medium,Bug
1973,09-05-2025 06:52,10-05-2025 00:52,Low,Bug
1974,06-05-2025 11:56,07-05-2025 20:56,Low,Payment
1975,25-06-2025 12:08,26-06-2025 03:08,Medium,Bug
1976,14-06-2025 14:51,14-06-2025 18:51,High,Payment
1977,10-06-2025 06:15,10-06-2025 11:15,High,Login
1978,25-05-2025 22:38,26-05-2025 11:38,Low,Payment
1979,10-06-2025 03:19,10-06-2025 10:19,Medium,Other
1980,14-05-2025 23:01,15-05-2025 10:01,Medium,Payment
1981,24-06-2025 23:17,25-06-2025 01:17,High,Login
1982,04-05-2025 16:07,04-05-2025 18:07,High,Payment
1983,11-06-2025 00:25,11-06-2025 14:25,Medium,Other
1984,08-05-2025 20:17,09-05-2025 08:17,Low,Other
1985,29-05-2025 13:08,30-05-2025 04:08,Medium,Login
1986,13-05-2025 20:18,14-05-2025 06:18,Medium,Other
1987,28-05-2025 17:47,29-05-2025 17:47,Low,Payment
1988,12-06-2025 03:43,12-06-2025 17:43,Medium,Login
1989,28-05-2025 17:47,28-05-2025 23:47,Medium,Bug
1990,04-05-2025 22:52,05-05-2025 11:52,Low,Other
1991,16-05-2025 22:49,17-05-2025 10:49,Low,Login
1992,10-05-2025 00:00,10-05-2025 14:00,Medium,Login
1993,14-05-2025 23:02,15-05-2025 21:02,Low,Other
1994,25-05-2025 05:26,25-05-2025 17:26,Low,Login
1995,26-06-2025 23:12,27-06-2025 19:12,Low,Bug
1996,18-05-2025 08:39,18-05-2025 23:39,Low,Bug
1997,07-06-2025 14:07,08-06-2025 18:07,Low,Bug
1998,22-06-2025 11:19,22-06-2025 17:19,Medium,Bug
1999,28-06-2025 13:15,28-06-2025 15:15,High,Bug
2000,12-05-2025 19:29,13-05-2025 07:29,Medium,Login
2001,16-05-2025 04:12,16-05-2025 17:12,Medium,Payment
2002,06-06-2025 12:59,06-06-2025 23:59,Medium,Bug
2003,12-06-2025 00:25,13-06-2025 05:25,Low,Other
2004,03-06-2025 19:35,04-06-2025 13:35,Low,Login
2005,25-05-2025 11:18,25-05-2025 20:18,Medium,Bug
2006,30-05-2025 10:11,30-05-2025 22:11,Low,Other
2007,16-06-2025 01:33,16-06-2025 09:33,Medium,Bug
2008,19-05-2025 10:07,20-05-2025 04:07,Low,Login
2009,27-05-2025 13:10,27-05-2025 16:10,High,Payment
2010,24-06-2025 16:29,25-06-2025 22:29,Low,Bug
2011,03-05-2025 22:31,04-05-2025 08:31,Medium,Other
2012,19-06-2025 18:40,19-06-2025 22:40,High,Other
2013,10-06-2025 06:14,11-06-2025 01:14,Low,Login
2014,11-06-2025 13:23,12-06-2025 04:23,Medium,Bug
2015,01-05-2025 04:30,01-05-2025 19:30,Medium,Other
2016,02-06-2025 21:21,02-06-2025 23:21,High,Bug
2017,17-05-2025 03:17,17-05-2025 15:17,Medium,Other
2018,27-05-2025 23:59,28-05-2025 20:59,Low,Other
2019,05-05-2025 06:51,05-05-2025 08:51,High,Bug
2020,07-06-2025 11:28,07-06-2025 22:28,Medium,Login
2021,20-05-2025 17:36,21-05-2025 17:36,Low,Bug
2022,21-05-2025 17:05,22-05-2025 23:05,Low,Other
2023,16-05-2025 11:40,17-05-2025 12:40,Low,Other
2024,13-05-2025 06:17,14-05-2025 10:17,Low,Login
2025,06-06-2025 20:56,07-06-2025 07:56,Medium,Other
2026,05-06-2025 22:07,06-06-2025 03:07,High,Login
2027,10-05-2025 11:50,11-05-2025 10:50,Low,Payment
2028,11-06-2025 14:18,12-06-2025 02:18,Low,Other
2029,06-05-2025 20:33,07-05-2025 02:33,High,Payment
2030,30-06-2025 05:14,01-07-2025 00:14,Low,Other
2031,18-06-2025 04:37,18-06-2025 16:37,Medium,Payment
2032,25-05-2025 21:23,27-05-2025 03:23,Low,Bug
2033,31-05-2025 01:02,31-05-2025 20:02,Low,Other
2034,06-06-2025 22:45,07-06-2025 00:45,High,Other
2035,28-06-2025 04:37,29-06-2025 15:37,Low,Other
2036,08-05-2025 19:37,09-05-2025 21:37,Low,Other
2037,05-05-2025 15:59,05-05-2025 17:59,High,Login
2038,21-06-2025 16:10,22-06-2025 07:10,Low,Other
2039,16-06-2025 23:39,17-06-2025 06:39,Medium,Bug
2040,05-05-2025 18:33,06-05-2025 08:33,Medium,Login
2041,27-05-2025 08:27,27-05-2025 20:27,Medium,Other
2042,29-06-2025 08:32,29-06-2025 16:32,Medium,Bug
2043,02-05-2025 23:00,04-05-2025 11:00,Low,Login
2044,31-05-2025 13:43,01-06-2025 21:43,Low,Login
2045,28-05-2025 02:36,29-05-2025 04:36,Low,Other
2046,19-06-2025 11:33,20-06-2025 11:33,Low,Login
2047,08-06-2025 11:44,08-06-2025 16:44,High,Other
2048,06-06-2025 22:59,07-06-2025 07:59,Medium,Other
2049,01-06-2025 22:52,02-06-2025 10:52,Low,Other
2050,13-05-2025 21:02,14-05-2025 11:02,Low,Bug
2051,10-06-2025 09:36,11-06-2025 16:36,Low,Payment
2052,08-06-2025 04:01,09-06-2025 05:01,Low,Bug
2053,30-06-2025 08:04,30-06-2025 16:04,Medium,Other
2054,13-05-2025 01:25,13-05-2025 11:25,Medium,Bug
2055,02-06-2025 13:43,02-06-2025 20:43,Medium,Other
2056,24-06-2025 14:17,25-06-2025 20:17,Low,Bug
2057,16-06-2025 08:24,17-06-2025 04:24,Low,Other
2058,13-06-2025 17:03,13-06-2025 23:03,High,Bug
2059,18-05-2025 19:26,20-05-2025 01:26,Low,Payment
2060,19-06-2025 13:04,20-06-2025 03:04,Medium,Login
2061,24-05-2025 09:29,25-05-2025 03:29,Low,Other
2062,09-05-2025 07:34,09-05-2025 13:34,Medium,Bug
2063,21-06-2025 20:31,22-06-2025 00:31,High,Payment
2064,23-06-2025 21:33,25-06-2025 07:33,Low,Bug
2065,23-05-2025 07:09,23-05-2025 22:09,Low,Bug
2066,13-05-2025 12:47,13-05-2025 22:47,Medium,Login
2067,19-06-2025 05:26,19-06-2025 09:26,High,Bug
2068,09-05-2025 04:14,09-05-2025 16:14,Medium,Payment
2069,20-06-2025 19:48,21-06-2025 00:48,High,Other
2070,15-06-2025 00:45,15-06-2025 20:45,Low,Other
2071,20-06-2025 16:12,21-06-2025 07:12,Medium,Payment
2072,07-06-2025 18:43,09-06-2025 05:43,Low,Bug
2073,08-06-2025 17:20,08-06-2025 23:20,Medium,Payment
2074,25-06-2025 14:04,26-06-2025 14:04,Low,Payment
2075,15-06-2025 06:11,16-06-2025 01:11,Low,Login
2076,17-05-2025 02:13,18-05-2025 02:13,Low,Login
2077,14-05-2025 02:36,14-05-2025 09:36,Medium,Bug
2078,05-06-2025 01:56,05-06-2025 04:56,High,Other
2079,28-06-2025 10:09,28-06-2025 21:09,Medium,Payment
2080,07-05-2025 18:18,08-05-2025 06:18,Medium,Bug
2081,26-05-2025 18:30,27-05-2025 02:30,Medium,Bug
2082,09-05-2025 19:14,10-05-2025 01:14,High,Bug
2083,06-05-2025 00:12,06-05-2025 12:12,Low,Other
2084,29-05-2025 14:50,30-05-2025 05:50,Medium,Bug
2085,16-05-2025 20:33,16-05-2025 21:33,High,Bug
2086,25-05-2025 09:43,25-05-2025 15:43,Medium,Login
2087,16-06-2025 00:03,16-06-2025 15:03,Medium,Other
2088,28-06-2025 07:13,28-06-2025 14:13,Medium,Bug
2089,29-06-2025 18:02,29-06-2025 20:02,High,Other
2090,15-06-2025 06:52,15-06-2025 09:52,High,Login
2091,19-05-2025 17:08,20-05-2025 04:08,Medium,Login
2092,23-05-2025 03:31,23-05-2025 13:31,Medium,Payment
2093,20-06-2025 13:07,21-06-2025 18:07,Low,Payment
2094,12-06-2025 14:32,13-06-2025 06:32,Low,Login
2095,20-06-2025 19:57,21-06-2025 05:57,Medium,Login
2096,02-05-2025 05:43,02-05-2025 07:43,High,Login
2097,01-05-2025 21:05,02-05-2025 16:05,Low,Login
2098,24-06-2025 16:55,24-06-2025 18:55,High,Other
2099,20-05-2025 04:17,20-05-2025 15:17,Medium,Bug
2100,23-06-2025 06:55,23-06-2025 17:55,Medium,Login
2101,26-06-2025 05:32,26-06-2025 19:32,Medium,Other
2102,20-05-2025 01:18,21-05-2025 09:18,Low,Other
2103,03-05-2025 16:20,04-05-2025 02:20,Medium,Other
2104,27-05-2025 21:18,28-05-2025 23:18,Low,Bug
2105,26-05-2025 08:53,27-05-2025 07:53,Low,Other
2106,23-06-2025 14:46,24-06-2025 05:46,Medium,Bug
2107,07-05-2025 21:30,08-05-2025 06:30,Medium,Payment
2108,11-06-2025 14:19,11-06-2025 20:19,High,Payment
2109,24-05-2025 11:43,24-05-2025 14:43,High,Login
2110,13-05-2025 05:53,13-05-2025 18:53,Medium,Login
2111,03-06-2025 19:04,03-06-2025 21:04,High,Login
2112,20-06-2025 01:03,20-06-2025 13:03,Medium,Login
2113,28-06-2025 08:56,28-06-2025 23:56,Medium,Login
2114,11-06-2025 20:54,12-06-2025 02:54,Medium,Login
2115,04-06-2025 23:45,05-06-2025 14:45,Medium,Payment
2116,18-06-2025 07:01,18-06-2025 21:01,Medium,Payment
2117,05-06-2025 12:33,06-06-2025 07:33,Low,Other
2118,07-05-2025 01:12,07-05-2025 09:12,Medium,Bug
2119,22-05-2025 05:52,23-05-2025 17:52,Low,Login
2120,27-05-2025 00:53,27-05-2025 15:53,Low,Login
2121,11-05-2025 04:20,11-05-2025 19:20,Medium,Other
2122,04-05-2025 18:17,05-05-2025 11:17,Low,Bug
2123,14-05-2025 15:29,14-05-2025 23:29,Medium,Login
2124,23-06-2025 09:25,23-06-2025 23:25,Medium,Payment
2125,30-05-2025 15:11,31-05-2025 05:11,Medium,Bug
2126,09-06-2025 20:59,10-06-2025 14:59,Low,Login
2127,07-06-2025 02:54,07-06-2025 07:54,High,Bug
2128,16-05-2025 18:21,18-05-2025 00:21,Low,Other
2129,27-05-2025 21:13,28-05-2025 12:13,Low,Payment
2130,30-06-2025 15:46,01-07-2025 06:46,Low,Bug
2131,18-05-2025 02:21,18-05-2025 18:21,Low,Login
2132,02-06-2025 12:31,02-06-2025 23:31,Medium,Login
2133,17-05-2025 10:41,18-05-2025 01:41,Medium,Login
2134,02-06-2025 01:34,02-06-2025 20:34,Low,Payment
2135,27-06-2025 07:07,27-06-2025 15:07,Medium,Other
2136,29-05-2025 14:40,30-05-2025 03:40,Medium,Other
2137,29-05-2025 00:58,29-05-2025 09:58,Medium,Login
2138,07-06-2025 04:03,07-06-2025 16:03,Medium,Bug
2139,30-06-2025 21:19,02-07-2025 03:19,Low,Login
2140,05-05-2025 19:40,06-05-2025 03:40,Medium,Other
2141,17-06-2025 15:13,17-06-2025 16:13,High,Bug
2142,27-05-2025 01:36,27-05-2025 09:36,Medium,Login
2143,08-05-2025 00:23,09-05-2025 06:23,Low,Other
2144,30-05-2025 22:10,01-06-2025 05:10,Low,Bug
2145,12-06-2025 14:50,13-06-2025 10:50,Low,Login
2146,15-06-2025 23:30,16-06-2025 10:30,Medium,Bug
2147,29-06-2025 23:05,30-06-2025 11:05,Medium,Other
2148,16-05-2025 13:42,17-05-2025 03:42,Medium,Other
2149,12-06-2025 02:55,12-06-2025 08:55,Medium,Other
2150,06-06-2025 00:49,06-06-2025 11:49,Medium,Login
2151,07-05-2025 06:12,07-05-2025 17:12,Medium,Other
2152,08-05-2025 08:35,08-05-2025 13:35,High,Payment
2153,30-05-2025 08:12,31-05-2025 11:12,Low,Other
2154,12-05-2025 01:43,12-05-2025 13:43,Medium,Login
2155,28-05-2025 13:20,29-05-2025 03:20,Medium,Login
2156,13-05-2025 17:05,14-05-2025 07:05,Medium,Other
2157,10-05-2025 15:31,11-05-2025 01:31,Medium,Payment
2158,13-05-2025 07:01,13-05-2025 16:01,Medium,Bug
2159,01-06-2025 19:25,03-06-2025 02:25,Low,Login
2160,14-05-2025 04:57,14-05-2025 12:57,Medium,Payment
2161,01-06-2025 13:20,01-06-2025 19:20,High,Other
2162,12-06-2025 07:05,13-06-2025 10:05,Low,Login
2163,15-06-2025 01:15,15-06-2025 20:15,Low,Login
2164,03-05-2025 14:26,04-05-2025 01:26,Medium,Bug
2165,12-05-2025 12:55,13-05-2025 18:55,Low,Payment
2166,30-06-2025 12:25,01-07-2025 14:25,Low,Payment
2167,03-06-2025 09:33,03-06-2025 16:33,Medium,Login
2168,12-06-2025 04:22,13-06-2025 12:22,Low,Login
2169,15-06-2025 10:43,15-06-2025 16:43,Medium,Payment
2170,13-06-2025 13:29,13-06-2025 18:29,High,Login
2171,10-06-2025 22:28,11-06-2025 01:28,High,Payment
2172,08-06-2025 08:36,08-06-2025 22:36,Medium,Login
2173,13-06-2025 06:33,14-06-2025 13:33,Low,Other
2174,02-05-2025 20:57,03-05-2025 08:57,Low,Login
2175,28-06-2025 02:58,28-06-2025 09:58,Medium,Other
2176,04-05-2025 12:44,04-05-2025 22:44,Medium,Payment
2177,12-06-2025 18:02,13-06-2025 19:02,Low,Payment
2178,13-06-2025 17:08,14-06-2025 21:08,Low,Payment
2179,07-06-2025 21:00,09-06-2025 00:00,Low,Bug
2180,21-06-2025 21:30,22-06-2025 03:30,Medium,Bug
2181,31-05-2025 21:47,01-06-2025 22:47,Low,Other
2182,11-05-2025 03:43,12-05-2025 01:43,Low,Payment
2183,02-05-2025 21:56,02-05-2025 23:56,High,Payment
2184,30-05-2025 23:09,31-05-2025 13:09,Medium,Payment
2185,27-05-2025 17:42,28-05-2025 02:42,Medium,Login
2186,30-05-2025 18:57,31-05-2025 01:57,Medium,Bug
2187,02-05-2025 14:56,03-05-2025 22:56,Low,Bug
2188,29-05-2025 13:55,29-05-2025 15:55,High,Other
2189,02-05-2025 07:49,02-05-2025 21:49,Low,Bug
2190,17-06-2025 15:08,18-06-2025 07:08,Low,Login
2191,18-06-2025 18:18,19-06-2025 02:18,Medium,Login
2192,27-06-2025 02:39,27-06-2025 08:39,Medium,Other
2193,15-05-2025 12:34,15-05-2025 16:34,High,Other
2194,04-06-2025 14:37,05-06-2025 05:37,Medium,Login
2195,19-05-2025 01:05,19-05-2025 14:05,Medium,Bug
2196,24-05-2025 02:09,24-05-2025 10:09,Medium,Login
2197,19-05-2025 16:28,20-05-2025 07:28,Medium,Payment
2198,13-05-2025 07:56,13-05-2025 15:56,Medium,Login
2199,01-05-2025 15:11,02-05-2025 00:11,Medium,Other
2200,30-06-2025 23:59,01-07-2025 08:59,Medium,Payment
2201,15-05-2025 02:26,16-05-2025 08:26,Low,Login
2202,16-06-2025 05:18,16-06-2025 22:18,Low,Payment
2203,12-06-2025 07:45,12-06-2025 15:45,Medium,Payment
2204,27-05-2025 12:09,28-05-2025 21:09,Low,Bug
2205,17-06-2025 23:02,18-06-2025 13:02,Medium,Other
2206,09-06-2025 02:30,10-06-2025 10:30,Low,Login
2207,11-05-2025 14:06,12-05-2025 13:06,Low,Login
2208,18-05-2025 10:13,18-05-2025 16:13,Medium,Bug
2209,15-06-2025 01:39,16-06-2025 10:39,Low,Bug
2210,20-05-2025 21:18,21-05-2025 01:18,High,Payment
2211,14-06-2025 20:14,15-06-2025 05:14,Medium,Bug
2212,02-05-2025 14:50,03-05-2025 00:50,Medium,Other
2213,09-06-2025 04:22,10-06-2025 14:22,Low,Payment
2214,19-05-2025 22:49,21-05-2025 00:49,Low,Bug
2215,29-05-2025 21:16,30-05-2025 11:16,Medium,Bug
2216,21-06-2025 06:46,22-06-2025 18:46,Low,Login
2217,01-05-2025 10:58,01-05-2025 13:58,High,Payment
2218,15-05-2025 02:29,15-05-2025 09:29,Medium,Payment
2219,31-05-2025 21:59,01-06-2025 06:59,Medium,Bug
2220,10-05-2025 15:49,11-05-2025 12:49,Low,Bug
2221,05-06-2025 10:48,06-06-2025 00:48,Medium,Other
2222,18-05-2025 07:43,18-05-2025 13:43,Medium,Login
2223,27-06-2025 14:12,28-06-2025 17:12,Low,Payment
2224,02-06-2025 15:14,02-06-2025 20:14,High,Payment
2225,22-06-2025 02:12,22-06-2025 05:12,High,Login
2226,17-05-2025 18:54,18-05-2025 06:54,Medium,Login
2227,15-06-2025 16:20,15-06-2025 19:20,High,Payment
2228,22-05-2025 12:59,23-05-2025 07:59,Low,Bug
2229,30-06-2025 10:36,30-06-2025 18:36,Medium,Login
2230,19-06-2025 16:51,21-06-2025 02:51,Low,Login
2231,26-06-2025 21:33,28-06-2025 08:33,Low,Bug
2232,27-05-2025 13:37,27-05-2025 19:37,High,Payment
2233,29-06-2025 09:30,29-06-2025 22:30,Low,Login
2234,07-06-2025 13:36,08-06-2025 07:36,Low,Login
2235,30-06-2025 04:32,30-06-2025 09:32,High,Payment
2236,23-06-2025 13:34,24-06-2025 10:34,Low,Other
2237,20-05-2025 23:47,21-05-2025 21:47,Low,Bug
2238,16-05-2025 05:12,17-05-2025 11:12,Low,Bug
2239,17-05-2025 01:35,17-05-2025 09:35,Medium,Other
2240,06-06-2025 13:45,07-06-2025 08:45,Low,Payment
2241,08-05-2025 00:19,09-05-2025 01:19,Low,Login
2242,22-06-2025 20:28,23-06-2025 02:28,High,Other
2243,28-06-2025 02:49,29-06-2025 04:49,Low,Other
2244,15-06-2025 12:30,15-06-2025 18:30,High,Bug
2245,08-06-2025 17:36,09-06-2025 15:36,Low,Bug
2246,04-05-2025 07:54,04-05-2025 23:54,Low,Bug
2247,07-06-2025 08:52,07-06-2025 13:52,High,Other
2248,02-06-2025 17:18,03-06-2025 09:18,Low,Bug
2249,31-05-2025 16:28,01-06-2025 10:28,Low,Payment
2250,15-05-2025 21:04,16-05-2025 05:04,Medium,Login
2251,11-06-2025 07:15,11-06-2025 19:15,Medium,Payment
2252,04-06-2025 00:38,04-06-2025 18:38,Low,Payment
2253,21-05-2025 14:04,21-05-2025 19:04,High,Bug
2254,26-05-2025 17:54,27-05-2025 00:54,Medium,Payment
2255,10-05-2025 22:25,11-05-2025 18:25,Low,Bug
2256,27-06-2025 08:42,28-06-2025 01:42,Low,Payment
2257,03-06-2025 19:19,04-06-2025 07:19,Medium,Payment
2258,20-06-2025 13:32,21-06-2025 04:32,Medium,Other
2259,15-06-2025 15:16,15-06-2025 21:16,High,Bug
2260,03-06-2025 01:59,03-06-2025 03:59,High,Other
2261,26-05-2025 18:13,27-05-2025 17:13,Low,Bug
2262,02-05-2025 13:52,03-05-2025 01:52,Medium,Payment
2263,28-06-2025 20:53,29-06-2025 08:53,Medium,Login
2264,18-05-2025 05:59,19-05-2025 14:59,Low,Payment
2265,10-05-2025 14:41,10-05-2025 20:41,Medium,Other
2266,05-05-2025 08:19,06-05-2025 11:19,Low,Login
2267,13-06-2025 17:54,14-06-2025 15:54,Low,Login
2268,19-05-2025 10:49,19-05-2025 15:49,High,Other
2269,11-06-2025 14:24,11-06-2025 23:24,Medium,Bug
2270,27-06-2025 10:08,27-06-2025 23:08,Medium,Payment
2271,18-05-2025 20:05,19-05-2025 09:05,Medium,Payment
2272,18-05-2025 00:25,18-05-2025 04:25,High,Other
2273,22-05-2025 21:41,24-05-2025 01:41,Low,Payment
2274,27-05-2025 20:25,28-05-2025 02:25,High,Login
2275,18-06-2025 06:07,19-06-2025 03:07,Low,Login
2276,17-06-2025 05:48,17-06-2025 20:48,Medium,Other
2277,16-05-2025 21:45,17-05-2025 07:45,Medium,Bug
2278,18-06-2025 21:44,19-06-2025 11:44,Medium,Payment
2279,06-05-2025 01:33,06-05-2025 03:33,High,Other
2280,03-06-2025 23:19,04-06-2025 11:19,Medium,Other
2281,18-05-2025 21:23,19-05-2025 06:23,Medium,Payment
2282,27-05-2025 21:51,28-05-2025 12:51,Low,Bug
2283,29-05-2025 03:10,30-05-2025 01:10,Low,Payment
2284,05-06-2025 13:59,05-06-2025 19:59,Medium,Other
2285,20-06-2025 21:24,21-06-2025 04:24,Medium,Other
2286,19-06-2025 09:17,19-06-2025 11:17,High,Login
2287,18-05-2025 11:12,19-05-2025 15:12,Low,Other
2288,04-06-2025 07:07,05-06-2025 03:07,Low,Payment
2289,20-06-2025 09:37,21-06-2025 18:37,Low,Other
2290,19-06-2025 15:51,20-06-2025 04:51,Medium,Payment
2291,08-06-2025 02:37,08-06-2025 18:37,Low,Login
2292,17-05-2025 09:15,17-05-2025 23:15,Medium,Login
2293,15-06-2025 22:43,16-06-2025 13:43,Low,Bug
2294,14-06-2025 06:35,15-06-2025 10:35,Low,Bug
2295,01-06-2025 01:39,01-06-2025 17:39,Low,Payment
2296,18-05-2025 15:40,19-05-2025 23:40,Low,Payment
2297,20-06-2025 20:41,21-06-2025 02:41,Medium,Login
2298,17-05-2025 02:24,17-05-2025 19:24,Low,Payment
2299,07-06-2025 05:20,08-06-2025 13:20,Low,Payment
2300,31-05-2025 02:51,31-05-2025 06:51,High,Payment
2301,27-05-2025 18:17,28-05-2025 23:17,Low,Payment
2302,15-06-2025 14:23,15-06-2025 22:23,Medium,Bug
2303,23-06-2025 15:44,24-06-2025 22:44,Low,Login
2304,09-06-2025 22:02,10-06-2025 04:02,High,Other
2305,06-06-2025 19:48,08-06-2025 04:48,Low,Payment
2306,22-05-2025 01:15,22-05-2025 22:15,Low,Other
2307,05-05-2025 11:01,05-05-2025 20:01,Medium,Payment
2308,19-05-2025 13:20,19-05-2025 15:20,High,Payment
2309,04-06-2025 04:16,04-06-2025 11:16,Medium,Bug
2310,07-05-2025 19:53,07-05-2025 22:53,High,Payment
2311,17-06-2025 23:49,18-06-2025 11:49,Low,Login
2312,03-05-2025 14:57,04-05-2025 14:57,Low,Bug
2313,21-06-2025 02:55,21-06-2025 23:55,Low,Payment
2314,18-05-2025 20:53,19-05-2025 02:53,High,Other
2315,25-05-2025 07:04,25-05-2025 12:04,High,Payment
2316,20-06-2025 22:46,21-06-2025 08:46,Medium,Login
2317,03-06-2025 06:53,03-06-2025 07:53,High,Login
2318,20-05-2025 16:43,21-05-2025 09:43,Low,Other
2319,03-05-2025 11:47,04-05-2025 12:47,Low,Payment
2320,23-06-2025 05:30,23-06-2025 15:30,Medium,Payment
2321,25-06-2025 12:50,25-06-2025 21:50,Medium,Payment
2322,22-05-2025 17:45,22-05-2025 23:45,High,Login
2323,12-05-2025 02:15,12-05-2025 18:15,Low,Bug
2324,09-05-2025 07:23,10-05-2025 01:23,Low,Bug
2325,04-05-2025 04:38,04-05-2025 15:38,Medium,Bug
2326,06-05-2025 09:02,07-05-2025 00:02,Medium,Other
2327,23-06-2025 22:57,25-06-2025 07:57,Low,Other
2328,14-06-2025 00:05,14-06-2025 16:05,Low,Login
2329,27-05-2025 14:12,27-05-2025 23:12,Medium,Payment
2330,01-05-2025 14:43,01-05-2025 20:43,Medium,Other
2331,30-06-2025 08:58,30-06-2025 11:58,High,Payment
2332,14-06-2025 19:13,15-06-2025 08:13,Low,Bug
2333,28-06-2025 06:29,29-06-2025 17:29,Low,Login
2334,22-05-2025 05:00,22-05-2025 21:00,Low,Other
2335,24-06-2025 09:22,24-06-2025 11:22,High,Payment
2336,07-06-2025 20:08,08-06-2025 19:08,Low,Payment
2337,26-06-2025 03:37,26-06-2025 05:37,High,Bug
2338,05-05-2025 23:57,06-05-2025 11:57,Medium,Login
2339,30-06-2025 13:06,30-06-2025 16:06,High,Bug
2340,14-06-2025 15:13,15-06-2025 03:13,Medium,Bug
2341,08-05-2025 21:26,10-05-2025 05:26,Low,Payment
2342,01-06-2025 05:04,01-06-2025 16:04,Medium,Other
2343,17-06-2025 18:14,18-06-2025 09:14,Medium,Bug
2344,21-06-2025 22:57,22-06-2025 13:57,Medium,Login
2345,18-06-2025 21:34,19-06-2025 05:34,Medium,Other
2346,17-05-2025 06:50,18-05-2025 06:50,Low,Other
2347,26-05-2025 16:16,27-05-2025 16:16,Low,Bug
2348,26-06-2025 12:52,26-06-2025 18:52,High,Login
2349,04-05-2025 01:59,04-05-2025 08:59,Medium,Payment
2350,30-05-2025 08:49,30-05-2025 10:49,High,Payment
2351,02-06-2025 01:07,02-06-2025 08:07,Medium,Other
2352,05-06-2025 05:11,05-06-2025 19:11,Medium,Login
2353,20-06-2025 01:02,20-06-2025 15:02,Medium,Payment
2354,30-05-2025 03:59,31-05-2025 00:59,Low,Login
2355,21-05-2025 15:42,22-05-2025 02:42,Medium,Login
2356,27-06-2025 23:20,28-06-2025 05:20,High,Other
2357,12-06-2025 20:26,13-06-2025 09:26,Low,Other
2358,01-06-2025 07:29,01-06-2025 22:29,Low,Bug
2359,09-05-2025 02:36,09-05-2025 17:36,Medium,Payment
2360,17-05-2025 23:51,18-05-2025 02:51,High,Payment
2361,15-06-2025 22:18,16-06-2025 18:18,Low,Login
2362,24-06-2025 18:40,25-06-2025 13:40,Low,Login
2363,09-05-2025 14:39,10-05-2025 02:39,Medium,Other
2364,28-06-2025 21:19,29-06-2025 10:19,Medium,Other
2365,21-06-2025 06:45,21-06-2025 16:45,Medium,Payment
2366,10-05-2025 17:07,12-05-2025 02:07,Low,Login
2367,07-06-2025 00:46,07-06-2025 10:46,Medium,Payment
2368,17-05-2025 08:09,17-05-2025 21:09,Low,Bug
2369,01-06-2025 12:21,01-06-2025 18:21,High,Bug
2370,24-06-2025 15:00,25-06-2025 09:00,Low,Bug
2371,15-05-2025 03:43,15-05-2025 11:43,Medium,Payment
2372,19-05-2025 05:51,19-05-2025 20:51,Medium,Other
2373,30-06-2025 10:00,30-06-2025 23:00,Medium,Login
2374,21-06-2025 09:25,21-06-2025 11:25,High,Bug
2375,10-06-2025 14:38,10-06-2025 20:38,High,Payment
2376,12-06-2025 17:43,12-06-2025 19:43,High,Login
2377,29-06-2025 21:37,29-06-2025 23:37,High,Other
2378,11-06-2025 11:17,12-06-2025 01:17,Medium,Other
2379,02-05-2025 07:11,02-05-2025 10:11,High,Login
2380,25-05-2025 08:12,25-05-2025 23:12,Medium,Payment
2381,10-05-2025 10:29,10-05-2025 12:29,High,Bug
2382,07-06-2025 00:07,08-06-2025 11:07,Low,Other
2383,25-06-2025 12:07,25-06-2025 18:07,Medium,Other
2384,31-05-2025 03:59,01-06-2025 07:59,Low,Login
2385,11-05-2025 21:18,12-05-2025 13:18,Low,Payment
2386,21-05-2025 18:12,23-05-2025 05:12,Low,Other
2387,20-05-2025 08:12,21-05-2025 11:12,Low,Payment
2388,21-06-2025 14:07,22-06-2025 03:07,Medium,Login
2389,02-05-2025 20:35,03-05-2025 01:35,High,Login
2390,14-06-2025 19:52,15-06-2025 11:52,Low,Bug
2391,02-06-2025 19:22,03-06-2025 00:22,High,Login
2392,14-06-2025 20:58,15-06-2025 03:58,Medium,Payment
2393,23-05-2025 16:19,24-05-2025 06:19,Medium,Bug
2394,08-05-2025 05:34,09-05-2025 02:34,Low,Payment
2395,21-05-2025 19:34,22-05-2025 12:34,Low,Login
2396,17-06-2025 04:27,17-06-2025 06:27,High,Login
2397,09-06-2025 10:13,09-06-2025 23:13,Low,Payment
2398,05-06-2025 15:06,05-06-2025 22:06,Medium,Bug
2399,01-05-2025 10:15,01-05-2025 13:15,High,Bug
2400,21-05-2025 10:57,22-05-2025 03:57,Low,Login
2401,20-05-2025 05:59,20-05-2025 06:59,High,Other
2402,14-06-2025 04:14,14-06-2025 08:14,High,Login
2403,30-06-2025 13:50,01-07-2025 02:50,Low,Payment
2404,04-06-2025 02:45,04-06-2025 06:45,High,Bug
2405,17-05-2025 09:06,17-05-2025 21:06,Medium,Other
2406,18-05-2025 02:35,19-05-2025 05:35,Low,Bug
2407,10-05-2025 09:40,11-05-2025 06:40,Low,Other
2408,19-05-2025 19:05,19-05-2025 20:05,High,Payment
2409,27-05-2025 00:24,27-05-2025 19:24,Low,Payment
2410,12-06-2025 20:26,13-06-2025 16:26,Low,Payment
2411,19-05-2025 07:52,19-05-2025 20:52,Medium,Login
2412,26-06-2025 17:48,27-06-2025 06:48,Medium,Payment
2413,31-05-2025 15:21,01-06-2025 16:21,Low,Bug
2414,22-06-2025 07:42,22-06-2025 20:42,Medium,Login
2415,23-05-2025 20:42,24-05-2025 00:42,High,Bug
2416,12-06-2025 16:12,13-06-2025 07:12,Low,Bug
2417,29-06-2025 12:44,30-06-2025 01:44,Medium,Bug
2418,05-05-2025 22:04,06-05-2025 00:04,High,Other
2419,06-05-2025 11:34,06-05-2025 22:34,Medium,Bug
2420,27-06-2025 08:10,27-06-2025 14:10,High,Login
2421,04-05-2025 03:02,04-05-2025 18:02,Low,Login
2422,22-05-2025 23:36,24-05-2025 09:36,Low,Login
2423,01-06-2025 23:23,03-06-2025 06:23,Low,Login
2424,17-06-2025 14:30,17-06-2025 15:30,High,Login
2425,20-06-2025 18:05,22-06-2025 04:05,Low,Payment
2426,12-05-2025 17:26,13-05-2025 12:26,Low,Login
2427,01-06-2025 13:37,01-06-2025 22:37,Medium,Login
2428,22-05-2025 09:38,23-05-2025 03:38,Low,Payment
2429,27-06-2025 02:42,27-06-2025 13:42,Medium,Payment
2430,21-05-2025 11:57,22-05-2025 02:57,Low,Bug
2431,15-05-2025 10:57,16-05-2025 11:57,Low,Login
2432,23-06-2025 00:17,23-06-2025 02:17,High,Login
2433,25-06-2025 19:27,26-06-2025 01:27,Medium,Other
2434,05-05-2025 23:57,06-05-2025 00:57,High,Login
2435,29-05-2025 10:58,30-05-2025 13:58,Low,Payment
2436,23-05-2025 20:56,24-05-2025 08:56,Medium,Other
2437,28-05-2025 13:41,28-05-2025 23:41,Medium,Other
2438,25-05-2025 12:40,25-05-2025 23:40,Medium,Payment
2439,19-06-2025 09:00,20-06-2025 09:00,Low,Bug
2440,27-05-2025 18:46,28-05-2025 09:46,Medium,Other
2441,07-05-2025 04:14,07-05-2025 12:14,Medium,Other
2442,18-06-2025 08:54,18-06-2025 12:54,High,Login
2443,02-06-2025 02:55,02-06-2025 09:55,Medium,Other
2444,04-06-2025 08:02,05-06-2025 02:02,Low,Other
2445,19-05-2025 05:10,19-05-2025 08:10,High,Bug
2446,03-05-2025 10:56,04-05-2025 18:56,Low,Bug
2447,26-05-2025 21:47,26-05-2025 22:47,High,Login
2448,17-06-2025 11:18,18-06-2025 14:18,Low,Login
2449,06-06-2025 18:25,07-06-2025 00:25,Medium,Bug
2450,15-06-2025 18:19,16-06-2025 00:19,Medium,Bug
2451,03-06-2025 18:15,04-06-2025 08:15,Medium,Bug
2452,21-06-2025 18:20,22-06-2025 07:20,Medium,Bug
2453,15-06-2025 11:09,15-06-2025 14:09,High,Payment
2454,20-06-2025 21:43,21-06-2025 12:43,Low,Bug
2455,14-06-2025 06:08,14-06-2025 12:08,Medium,Login
2456,22-06-2025 14:04,23-06-2025 02:04,Medium,Payment
2457,29-06-2025 17:12,01-07-2025 02:12,Low,Login
2458,21-06-2025 05:35,21-06-2025 19:35,Low,Login
2459,19-05-2025 01:43,19-05-2025 14:43,Medium,Payment
2460,06-05-2025 22:29,07-05-2025 07:29,Medium,Bug
2461,29-05-2025 21:14,30-05-2025 06:14,Medium,Bug
2462,02-05-2025 14:41,03-05-2025 13:41,Low,Login
2463,21-06-2025 02:55,21-06-2025 05:55,High,Bug
2464,17-05-2025 05:22,17-05-2025 17:22,Low,Other
2465,12-06-2025 22:44,13-06-2025 00:44,High,Payment
2466,29-06-2025 01:32,29-06-2025 14:32,Low,Payment
2467,22-05-2025 23:42,23-05-2025 04:42,High,Payment
2468,09-06-2025 00:06,09-06-2025 22:06,Low,Other
2469,19-06-2025 04:38,20-06-2025 03:38,Low,Other
2470,27-05-2025 21:27,28-05-2025 07:27,Medium,Payment
2471,15-05-2025 05:01,16-05-2025 17:01,Low,Bug
2472,29-05-2025 05:00,29-05-2025 16:00,Medium,Login
2473,17-05-2025 05:17,17-05-2025 06:17,High,Other
2474,16-05-2025 07:13,17-05-2025 18:13,Low,Payment
2475,19-06-2025 00:06,19-06-2025 06:06,Medium,Other
2476,21-05-2025 21:30,23-05-2025 08:30,Low,Other
2477,24-05-2025 01:27,24-05-2025 09:27,Medium,Payment
2478,28-06-2025 09:33,28-06-2025 16:33,Medium,Payment
2479,15-05-2025 10:13,16-05-2025 16:13,Low,Payment
2480,26-06-2025 01:52,26-06-2025 13:52,Medium,Payment
2481,05-05-2025 17:46,06-05-2025 23:46,Low,Payment
2482,15-05-2025 13:15,15-05-2025 21:15,Medium,Bug
2483,30-06-2025 10:42,30-06-2025 21:42,Medium,Bug
2484,06-06-2025 12:09,07-06-2025 03:09,Medium,Other
2485,11-06-2025 03:29,11-06-2025 18:29,Low,Payment
2486,10-05-2025 01:18,10-05-2025 18:18,Low,Bug
2487,27-05-2025 19:57,28-05-2025 15:57,Low,Other
2488,02-06-2025 22:41,03-06-2025 11:41,Low,Login
2489,24-05-2025 14:50,25-05-2025 03:50,Low,Bug
2490,23-06-2025 04:44,24-06-2025 05:44,Low,Other
2491,14-05-2025 09:53,14-05-2025 22:53,Low,Payment
2492,03-05-2025 01:18,03-05-2025 07:18,High,Login
2493,23-06-2025 02:33,23-06-2025 14:33,Low,Other
2494,02-06-2025 20:14,03-06-2025 20:14,Low,Payment
2495,16-06-2025 00:32,16-06-2025 15:32,Low,Payment
2496,06-06-2025 14:09,06-06-2025 22:09,Medium,Payment
2497,24-06-2025 13:17,24-06-2025 17:17,High,Bug
2498,22-06-2025 07:21,22-06-2025 20:21,Medium,Bug
2499,18-05-2025 14:39,19-05-2025 04:39,Medium,Other
2500,20-06-2025 06:55,21-06-2025 08:55,Low,Other
2501,02-05-2025 12:16,02-05-2025 21:16,Medium,Payment
2502,04-05-2025 04:19,05-05-2025 09:19,Low,Bug
2503,16-05-2025 20:29,17-05-2025 06:29,Medium,Bug
2504,16-06-2025 05:56,17-06-2025 03:56,Low,Bug
2505,11-05-2025 00:45,11-05-2025 11:45,Medium,Other
2506,28-05-2025 22:06,29-05-2025 18:06,Low,Bug
2507,13-06-2025 23:39,14-06-2025 14:39,Low,Other
2508,05-05-2025 12:34,06-05-2025 22:34,Low,Other
2509,17-06-2025 11:43,17-06-2025 17:43,Medium,Bug
2510,09-05-2025 05:28,09-05-2025 20:28,Low,Bug
2511,13-06-2025 18:05,13-06-2025 22:05,High,Login
2512,14-05-2025 22:56,15-05-2025 13:56,Low,Login
2513,25-05-2025 06:12,25-05-2025 09:12,High,Login
2514,30-06-2025 18:20,01-07-2025 20:20,Low,Login
2515,11-05-2025 00:44,12-05-2025 07:44,Low,Payment
2516,17-05-2025 19:34,17-05-2025 23:34,High,Bug
2517,14-06-2025 17:18,15-06-2025 05:18,Medium,Other
2518,02-05-2025 00:14,02-05-2025 22:14,Low,Payment
2519,26-05-2025 12:58,26-05-2025 23:58,Medium,Payment
2520,12-05-2025 06:07,12-05-2025 08:07,High,Login
2521,05-06-2025 14:22,05-06-2025 22:22,Medium,Bug
2522,03-06-2025 05:25,03-06-2025 19:25,Low,Payment
2523,02-05-2025 16:12,03-05-2025 04:12,Medium,Login
2524,27-06-2025 11:19,27-06-2025 23:19,Medium,Login
2525,25-06-2025 07:01,26-06-2025 03:01,Low,Payment
2526,17-05-2025 08:34,17-05-2025 13:34,High,Payment
2527,06-06-2025 11:57,07-06-2025 21:57,Low,Other
2528,26-05-2025 11:37,27-05-2025 23:37,Low,Login
2529,24-06-2025 13:49,25-06-2025 02:49,Medium,Login
2530,15-06-2025 11:26,16-06-2025 20:26,Low,Payment
2531,09-05-2025 15:52,10-05-2025 15:52,Low,Other
2532,14-06-2025 18:06,15-06-2025 08:06,Medium,Login
2533,30-06-2025 05:35,30-06-2025 11:35,Medium,Other
2534,18-05-2025 23:53,19-05-2025 06:53,Medium,Bug
2535,20-05-2025 08:59,20-05-2025 22:59,Medium,Login
2536,12-06-2025 18:40,13-06-2025 16:40,Low,Login
2537,28-05-2025 22:02,29-05-2025 09:02,Medium,Bug
2538,17-06-2025 12:33,17-06-2025 21:33,Medium,Other
2539,06-05-2025 05:01,06-05-2025 15:01,Medium,Other
2540,21-06-2025 04:44,21-06-2025 17:44,Low,Payment
2541,10-06-2025 19:21,11-06-2025 06:21,Medium,Bug
2542,18-05-2025 03:35,19-05-2025 10:35,Low,Other
2543,17-06-2025 22:35,17-06-2025 23:35,High,Other
2544,17-05-2025 06:01,17-05-2025 09:01,High,Other
2545,06-06-2025 11:50,07-06-2025 04:50,Low,Payment
2546,06-05-2025 04:25,07-05-2025 03:25,Low,Payment
2547,09-06-2025 03:54,09-06-2025 17:54,Low,Payment
2548,25-05-2025 03:40,26-05-2025 01:40,Low,Payment
2549,27-05-2025 18:58,28-05-2025 23:58,Low,Payment
2550,23-05-2025 10:11,24-05-2025 21:11,Low,Payment
2551,08-06-2025 20:07,09-06-2025 22:07,Low,Payment
2552,14-06-2025 14:51,15-06-2025 03:51,Medium,Payment
2553,10-06-2025 17:33,10-06-2025 23:33,Medium,Other
2554,26-05-2025 18:02,27-05-2025 07:02,Medium,Payment
2555,07-06-2025 06:27,08-06-2025 06:27,Low,Login
2556,29-06-2025 00:10,29-06-2025 02:10,High,Login
2557,06-06-2025 15:50,08-06-2025 03:50,Low,Bug
2558,15-05-2025 13:01,16-05-2025 15:01,Low,Other
2559,09-05-2025 05:28,10-05-2025 08:28,Low,Other
2560,27-05-2025 13:25,28-05-2025 01:25,Medium,Other
2561,16-06-2025 23:16,17-06-2025 11:16,Low,Payment
2562,11-06-2025 20:16,12-06-2025 11:16,Medium,Payment
2563,17-06-2025 19:19,18-06-2025 21:19,Low,Payment
2564,06-05-2025 06:41,06-05-2025 16:41,Medium,Login
2565,23-05-2025 17:04,24-05-2025 03:04,Medium,Payment
2566,12-05-2025 00:36,12-05-2025 04:36,High,Login
2567,21-05-2025 17:33,22-05-2025 04:33,Medium,Payment
2568,23-06-2025 10:18,24-06-2025 10:18,Low,Login
2569,30-05-2025 16:05,31-05-2025 23:05,Low,Login
2570,04-06-2025 05:15,04-06-2025 20:15,Medium,Login
2571,05-06-2025 05:51,05-06-2025 22:51,Low,Other
2572,12-05-2025 09:40,13-05-2025 16:40,Low,Bug
2573,07-05-2025 22:42,09-05-2025 00:42,Low,Bug
2574,14-05-2025 21:12,16-05-2025 07:12,Low,Other
2575,23-06-2025 15:02,24-06-2025 01:02,Medium,Other
2576,23-05-2025 13:05,24-05-2025 04:05,Medium,Bug
2577,19-06-2025 08:58,19-06-2025 21:58,Medium,Other
2578,09-05-2025 00:01,09-05-2025 16:01,Low,Other
2579,17-05-2025 01:47,17-05-2025 14:47,Low,Other
2580,10-06-2025 00:36,11-06-2025 03:36,Low,Payment
2581,26-06-2025 07:50,26-06-2025 22:50,Medium,Login
2582,08-06-2025 20:23,09-06-2025 02:23,Medium,Payment
2583,08-06-2025 10:54,09-06-2025 05:54,Low,Other
2584,28-06-2025 03:27,29-06-2025 10:27,Low,Other
2585,19-06-2025 15:36,20-06-2025 04:36,Medium,Payment
2586,14-06-2025 16:30,14-06-2025 21:30,High,Login
2587,12-06-2025 06:51,12-06-2025 11:51,High,Bug
2588,19-05-2025 01:42,19-05-2025 16:42,Medium,Login
2589,30-05-2025 15:09,31-05-2025 12:09,Low,Login
2590,14-05-2025 21:40,16-05-2025 04:40,Low,Payment
2591,04-06-2025 03:24,04-06-2025 08:24,High,Login
2592,26-06-2025 13:32,26-06-2025 16:32,High,Bug
2593,07-06-2025 22:33,08-06-2025 13:33,Medium,Bug
2594,07-05-2025 08:00,08-05-2025 11:00,Low,Other
2595,17-05-2025 01:58,17-05-2025 03:58,High,Login
2596,20-06-2025 15:02,20-06-2025 20:02,High,Payment
2597,01-05-2025 09:11,01-05-2025 20:11,Medium,Payment
2598,02-06-2025 14:35,02-06-2025 22:35,Medium,Payment
2599,04-06-2025 13:27,05-06-2025 17:27,Low,Payment
2600,17-06-2025 16:07,18-06-2025 07:07,Medium,Payment
2601,14-06-2025 07:57,14-06-2025 22:57,Low,Login
2602,22-06-2025 17:57,23-06-2025 00:57,Medium,Login
2603,11-05-2025 17:06,12-05-2025 11:06,Low,Payment
2604,15-05-2025 00:36,15-05-2025 21:36,Low,Bug
2605,04-06-2025 16:24,04-06-2025 17:24,High,Payment
2606,11-05-2025 10:23,11-05-2025 17:23,Medium,Other
2607,12-05-2025 22:18,13-05-2025 09:18,Medium,Payment
2608,08-05-2025 07:53,09-05-2025 13:53,Low,Payment
2609,02-06-2025 11:32,03-06-2025 02:32,Medium,Bug
2610,02-05-2025 11:48,02-05-2025 19:48,Medium,Login
2611,08-05-2025 04:05,08-05-2025 14:05,Medium,Login
2612,09-05-2025 11:09,09-05-2025 16:09,High,Bug
2613,22-05-2025 08:15,22-05-2025 18:15,Medium,Other
2614,11-05-2025 18:23,12-05-2025 03:23,Medium,Bug
2615,27-06-2025 10:32,27-06-2025 23:32,Low,Payment
2616,06-06-2025 05:06,07-06-2025 07:06,Low,Login
2617,07-06-2025 14:26,07-06-2025 20:26,Medium,Login
2618,29-06-2025 15:56,30-06-2025 12:56,Low,Bug
2619,07-06-2025 11:26,08-06-2025 00:26,Medium,Payment
2620,29-06-2025 13:02,29-06-2025 21:02,Medium,Bug
2621,29-05-2025 06:06,30-05-2025 05:06,Low,Bug
2622,17-06-2025 10:03,17-06-2025 22:03,Medium,Payment
2623,29-05-2025 23:35,30-05-2025 05:35,Medium,Other
2624,26-06-2025 03:41,27-06-2025 07:41,Low,Payment
2625,28-05-2025 13:30,29-05-2025 03:30,Low,Payment
2626,16-06-2025 17:02,18-06-2025 04:02,Low,Other
2627,03-06-2025 07:54,03-06-2025 22:54,Medium,Bug
2628,27-05-2025 20:55,27-05-2025 22:55,High,Payment
2629,14-05-2025 18:34,15-05-2025 11:34,Low,Other
2630,30-06-2025 22:20,30-06-2025 23:20,High,Other
2631,30-05-2025 09:48,31-05-2025 05:48,Low,Bug
2632,30-06-2025 15:57,30-06-2025 23:57,Medium,Other
2633,06-05-2025 22:25,08-05-2025 01:25,Low,Payment
2634,23-05-2025 06:28,23-05-2025 11:28,High,Payment
2635,24-05-2025 20:35,26-05-2025 08:35,Low,Login
2636,21-06-2025 22:15,22-06-2025 09:15,Medium,Other
2637,10-06-2025 01:50,10-06-2025 05:50,High,Payment
2638,16-05-2025 20:15,18-05-2025 00:15,Low,Other
2639,06-05-2025 03:24,06-05-2025 15:24,Medium,Other
2640,12-06-2025 17:35,13-06-2025 00:35,Medium,Payment
2641,08-06-2025 19:03,09-06-2025 22:03,Low,Login
2642,23-06-2025 11:27,24-06-2025 00:27,Medium,Payment
2643,09-05-2025 00:39,09-05-2025 06:39,Medium,Other
2644,25-05-2025 20:30,26-05-2025 10:30,Low,Login
2645,18-06-2025 18:19,18-06-2025 20:19,High,Bug
2646,14-05-2025 16:01,15-05-2025 00:01,Medium,Other
2647,14-06-2025 21:24,15-06-2025 07:24,Medium,Bug
2648,03-05-2025 14:50,04-05-2025 10:50,Low,Bug
2649,03-05-2025 02:19,03-05-2025 03:19,High,Login
2650,22-06-2025 00:24,22-06-2025 04:24,High,Login
2651,01-06-2025 00:11,01-06-2025 11:11,Medium,Payment
2652,18-06-2025 22:38,19-06-2025 03:38,High,Other
2653,27-05-2025 01:24,28-05-2025 02:24,Low,Login
2654,11-05-2025 22:22,13-05-2025 01:22,Low,Other
2655,08-06-2025 14:09,09-06-2025 03:09,Medium,Other
2656,01-06-2025 04:21,01-06-2025 06:21,High,Payment
2657,05-06-2025 19:57,07-06-2025 00:57,Low,Payment
2658,13-05-2025 04:38,14-05-2025 15:38,Low,Other
2659,11-06-2025 12:25,11-06-2025 19:25,Medium,Bug
2660,25-06-2025 14:21,26-06-2025 02:21,Low,Payment
2661,15-06-2025 02:18,15-06-2025 09:18,Medium,Payment
2662,12-05-2025 18:54,13-05-2025 03:54,Medium,Bug
2663,30-05-2025 08:38,30-05-2025 09:38,High,Other
2664,12-05-2025 16:15,12-05-2025 20:15,High,Other
2665,13-05-2025 04:03,13-05-2025 07:03,High,Bug
2666,09-06-2025 10:39,09-06-2025 14:39,High,Payment
2667,14-06-2025 13:40,14-06-2025 15:40,High,Payment
2668,07-06-2025 06:16,07-06-2025 12:16,High,Login
2669,30-06-2025 01:58,30-06-2025 23:58,Low,Other
2670,13-05-2025 04:58,13-05-2025 11:58,Medium,Other
2671,23-05-2025 22:26,24-05-2025 01:26,High,Bug
2672,13-06-2025 04:55,14-06-2025 01:55,Low,Payment
2673,16-05-2025 19:32,17-05-2025 22:32,Low,Bug
2674,09-06-2025 21:47,10-06-2025 03:47,Medium,Other
2675,02-05-2025 13:39,03-05-2025 01:39,Low,Bug
2676,23-05-2025 08:29,24-05-2025 13:29,Low,Bug
2677,14-06-2025 18:47,15-06-2025 23:47,Low,Bug
2678,07-06-2025 19:30,08-06-2025 02:30,Medium,Payment
2679,01-06-2025 08:54,01-06-2025 11:54,High,Other
2680,29-06-2025 08:18,29-06-2025 14:18,High,Payment
2681,25-05-2025 10:27,26-05-2025 14:27,Low,Login
2682,08-05-2025 08:50,08-05-2025 12:50,High,Payment
2683,08-06-2025 11:21,08-06-2025 16:21,High,Login
2684,20-06-2025 23:19,21-06-2025 13:19,Medium,Bug
2685,10-05-2025 16:26,10-05-2025 21:26,High,Login
2686,15-05-2025 13:14,15-05-2025 15:14,High,Other
2687,18-06-2025 19:42,19-06-2025 20:42,Low,Payment
2688,17-06-2025 23:34,18-06-2025 02:34,High,Other
2689,11-05-2025 12:20,12-05-2025 00:20,Low,Other
2690,27-05-2025 15:45,28-05-2025 05:45,Medium,Bug
2691,15-06-2025 19:01,16-06-2025 14:01,Low,Payment
2692,06-05-2025 09:43,06-05-2025 17:43,Medium,Payment
2693,20-05-2025 21:40,21-05-2025 21:40,Low,Login
2694,14-05-2025 19:17,15-05-2025 02:17,Medium,Other
2695,10-05-2025 08:55,11-05-2025 04:55,Low,Payment
2696,13-05-2025 04:33,13-05-2025 17:33,Medium,Login
2697,19-05-2025 16:10,19-05-2025 22:10,High,Login
2698,03-05-2025 14:07,04-05-2025 09:07,Low,Login
2699,14-06-2025 03:49,14-06-2025 04:49,High,Login
2700,10-06-2025 02:42,10-06-2025 08:42,Medium,Payment
2701,21-05-2025 11:33,22-05-2025 01:33,Medium,Payment
2702,07-05-2025 13:49,07-05-2025 19:49,Medium,Bug
2703,30-06-2025 00:46,30-06-2025 08:46,Medium,Login
2704,29-06-2025 10:42,30-06-2025 00:42,Medium,Other
2705,06-05-2025 06:26,06-05-2025 14:26,Medium,Other
2706,30-06-2025 00:26,01-07-2025 10:26,Low,Bug
2707,17-05-2025 00:01,17-05-2025 13:01,Medium,Other
2708,20-05-2025 04:00,20-05-2025 07:00,High,Other
2709,10-06-2025 03:12,10-06-2025 15:12,Medium,Payment
2710,08-05-2025 04:07,08-05-2025 17:07,Medium,Login
2711,14-06-2025 10:42,15-06-2025 08:42,Low,Other
2712,11-06-2025 01:10,11-06-2025 21:10,Low,Login
2713,06-05-2025 14:48,07-05-2025 01:48,Medium,Login
2714,20-06-2025 07:17,20-06-2025 10:17,High,Payment
2715,20-05-2025 16:10,21-05-2025 04:10,Low,Login
2716,03-05-2025 19:31,04-05-2025 03:31,Medium,Payment
2717,09-05-2025 08:09,09-05-2025 23:09,Medium,Payment
2718,19-06-2025 00:45,19-06-2025 21:45,Low,Other
2719,04-06-2025 11:08,04-06-2025 13:08,High,Other
2720,06-06-2025 15:06,06-06-2025 16:06,High,Bug
2721,17-06-2025 15:45,18-06-2025 03:45,Medium,Login
2722,21-05-2025 22:42,22-05-2025 13:42,Low,Bug
2723,28-06-2025 09:23,28-06-2025 10:23,High,Login
2724,17-06-2025 00:00,17-06-2025 06:00,Medium,Login
2725,05-06-2025 01:33,05-06-2025 07:33,Medium,Bug
2726,12-05-2025 22:33,14-05-2025 04:33,Low,Other
2727,27-05-2025 16:44,28-05-2025 04:44,Medium,Login
2728,22-06-2025 09:46,23-06-2025 20:46,Low,Other
2729,10-05-2025 01:12,11-05-2025 09:12,Low,Other
2730,01-06-2025 12:47,02-06-2025 03:47,Low,Login
2731,07-06-2025 01:12,08-06-2025 09:12,Low,Login
2732,24-06-2025 03:08,24-06-2025 10:08,Medium,Login
2733,06-05-2025 03:49,06-05-2025 11:49,Medium,Other
2734,24-06-2025 17:41,25-06-2025 05:41,Low,Payment
2735,09-06-2025 14:51,09-06-2025 22:51,Medium,Login
2736,09-05-2025 19:27,10-05-2025 01:27,Medium,Payment
2737,08-05-2025 21:24,09-05-2025 09:24,Medium,Payment
2738,28-06-2025 13:55,28-06-2025 14:55,High,Payment
2739,19-05-2025 19:48,20-05-2025 22:48,Low,Other
2740,11-05-2025 04:48,11-05-2025 18:48,Low,Login
2741,11-06-2025 17:51,12-06-2025 05:51,Medium,Bug
2742,16-06-2025 11:38,16-06-2025 14:38,High,Login
2743,17-05-2025 16:40,19-05-2025 00:40,Low,Other
2744,11-05-2025 05:44,11-05-2025 18:44,Medium,Bug
2745,22-06-2025 12:14,22-06-2025 16:14,High,Bug
2746,21-05-2025 08:43,22-05-2025 09:43,Low,Payment
2747,31-05-2025 07:34,31-05-2025 13:34,Medium,Other
2748,18-06-2025 09:39,18-06-2025 10:39,High,Bug
2749,31-05-2025 06:50,01-06-2025 16:50,Low,Login
2750,26-06-2025 11:22,26-06-2025 23:22,Medium,Login
2751,07-05-2025 09:10,07-05-2025 10:10,High,Other
2752,02-05-2025 07:10,02-05-2025 10:10,High,Login
2753,08-05-2025 09:24,09-05-2025 19:24,Low,Bug
2754,16-06-2025 11:35,17-06-2025 22:35,Low,Payment
2755,05-06-2025 09:41,05-06-2025 19:41,Medium,Other
2756,10-06-2025 14:23,10-06-2025 18:23,High,Bug
2757,28-05-2025 00:51,28-05-2025 13:51,Medium,Login
2758,28-05-2025 00:01,29-05-2025 01:01,Low,Payment
2759,13-06-2025 21:22,13-06-2025 23:22,High,Login
2760,03-06-2025 05:35,03-06-2025 16:35,Medium,Payment
2761,06-05-2025 18:34,07-05-2025 00:34,Medium,Login
2762,08-06-2025 14:57,09-06-2025 02:57,Medium,Bug
2763,26-05-2025 04:44,26-05-2025 19:44,Medium,Bug
2764,10-06-2025 11:13,10-06-2025 18:13,Medium,Payment
2765,05-05-2025 11:34,06-05-2025 01:34,Low,Payment
2766,09-05-2025 11:37,09-05-2025 21:37,Medium,Payment
2767,29-05-2025 00:22,29-05-2025 07:22,Medium,Login
2768,18-06-2025 14:47,18-06-2025 17:47,High,Bug
2769,31-05-2025 09:46,31-05-2025 15:46,High,Bug
2770,04-06-2025 14:59,05-06-2025 14:59,Low,Payment
2771,27-06-2025 09:38,27-06-2025 14:38,High,Login
2772,21-05-2025 19:51,23-05-2025 07:51,Low,Login
2773,12-06-2025 01:05,12-06-2025 09:05,Medium,Other
2774,14-05-2025 05:47,14-05-2025 13:47,Medium,Other
2775,21-05-2025 01:53,21-05-2025 12:53,Medium,Bug
2776,08-05-2025 10:26,08-05-2025 20:26,Medium,Login
2777,20-05-2025 14:51,21-05-2025 05:51,Medium,Other
2778,17-05-2025 21:46,18-05-2025 07:46,Medium,Other
2779,05-06-2025 03:42,05-06-2025 23:42,Low,Other
2780,22-06-2025 20:17,23-06-2025 02:17,Medium,Payment
2781,21-06-2025 16:31,22-06-2025 06:31,Medium,Payment
2782,28-06-2025 14:10,29-06-2025 06:10,Low,Payment
2783,19-05-2025 13:18,19-05-2025 21:18,Medium,Other
2784,17-06-2025 05:51,17-06-2025 10:51,High,Payment
2785,12-05-2025 11:41,12-05-2025 19:41,Medium,Other
2786,25-06-2025 05:10,25-06-2025 12:10,Medium,Payment
2787,16-06-2025 02:45,16-06-2025 17:45,Medium,Login
2788,06-06-2025 13:09,06-06-2025 20:09,Medium,Payment
2789,01-05-2025 05:21,01-05-2025 12:21,Medium,Login
2790,09-06-2025 15:23,09-06-2025 17:23,High,Other
2791,08-05-2025 20:16,09-05-2025 11:16,Medium,Bug
2792,12-06-2025 21:38,13-06-2025 04:38,Medium,Other
2793,23-06-2025 03:23,23-06-2025 09:23,High,Login
2794,08-06-2025 09:23,08-06-2025 18:23,Medium,Payment
2795,07-06-2025 17:52,08-06-2025 00:52,Medium,Bug
2796,27-06-2025 03:07,28-06-2025 12:07,Low,Login
2797,09-05-2025 20:05,10-05-2025 07:05,Medium,Login
2798,26-05-2025 09:14,26-05-2025 13:14,High,Payment
2799,10-06-2025 04:04,10-06-2025 18:04,Low,Login
2800,04-05-2025 02:09,04-05-2025 12:09,Medium,Login
2801,06-05-2025 15:36,07-05-2025 14:36,Low,Other
2802,28-05-2025 02:58,28-05-2025 08:58,Medium,Login
2803,27-05-2025 20:22,28-05-2025 01:22,High,Bug
2804,06-05-2025 05:56,07-05-2025 06:56,Low,Other
2805,29-06-2025 13:23,30-06-2025 01:23,Medium,Bug
2806,20-06-2025 19:56,21-06-2025 00:56,High,Bug
2807,28-06-2025 00:17,28-06-2025 09:17,Medium,Payment
2808,10-05-2025 17:09,12-05-2025 04:09,Low,Bug
2809,17-06-2025 14:59,18-06-2025 14:59,Low,Other
2810,06-05-2025 06:55,07-05-2025 13:55,Low,Other
2811,27-05-2025 23:39,29-05-2025 00:39,Low,Bug
2812,26-06-2025 12:41,26-06-2025 22:41,Medium,Other
2813,31-05-2025 17:29,01-06-2025 04:29,Medium,Payment
2814,31-05-2025 10:06,31-05-2025 20:06,Medium,Payment
2815,23-06-2025 05:21,24-06-2025 02:21,Low,Bug
2816,12-05-2025 21:03,13-05-2025 11:03,Medium,Login
2817,09-05-2025 05:11,10-05-2025 16:11,Low,Payment
2818,18-06-2025 03:40,19-06-2025 12:40,Low,Login
2819,06-06-2025 06:50,07-06-2025 04:50,Low,Other
2820,23-06-2025 21:48,24-06-2025 08:48,Medium,Login
2821,14-05-2025 00:46,14-05-2025 23:46,Low,Bug
2822,22-05-2025 16:12,23-05-2025 12:12,Low,Login
2823,22-06-2025 12:12,22-06-2025 17:12,High,Bug
2824,19-06-2025 17:52,19-06-2025 21:52,High,Other
2825,20-05-2025 02:56,20-05-2025 06:56,High,Bug
2826,17-06-2025 01:16,17-06-2025 06:16,High,Login
2827,28-06-2025 19:42,29-06-2025 07:42,Low,Login
2828,26-05-2025 07:49,26-05-2025 22:49,Medium,Other
2829,07-06-2025 06:30,08-06-2025 01:30,Low,Other
2830,28-05-2025 02:36,28-05-2025 17:36,Medium,Other
2831,05-06-2025 08:35,05-06-2025 20:35,Medium,Login
2832,13-06-2025 13:45,14-06-2025 02:45,Low,Payment
2833,14-06-2025 07:35,14-06-2025 15:35,Medium,Bug
2834,24-05-2025 11:58,25-05-2025 10:58,Low,Login
2835,13-06-2025 22:34,15-06-2025 00:34,Low,Other
2836,27-05-2025 02:11,27-05-2025 06:11,High,Other
2837,29-05-2025 15:03,30-05-2025 05:03,Medium,Bug
2838,06-05-2025 03:27,07-05-2025 08:27,Low,Bug
2839,06-06-2025 21:16,07-06-2025 12:16,Medium,Login
2840,15-05-2025 04:05,16-05-2025 05:05,Low,Bug
2841,17-05-2025 08:51,17-05-2025 21:51,Medium,Other
2842,13-06-2025 15:19,13-06-2025 20:19,High,Bug
2843,18-05-2025 13:05,19-05-2025 21:05,Low,Other
2844,07-05-2025 08:05,08-05-2025 08:05,Low,Payment
2845,13-05-2025 07:10,13-05-2025 20:10,Low,Payment
2846,12-05-2025 16:53,13-05-2025 02:53,Medium,Payment
2847,02-06-2025 23:22,03-06-2025 04:22,High,Payment
2848,09-06-2025 16:43,09-06-2025 17:43,High,Login
2849,08-05-2025 12:04,08-05-2025 21:04,Medium,Bug
2850,29-05-2025 20:14,30-05-2025 01:14,High,Other
2851,21-05-2025 23:58,23-05-2025 05:58,Low,Bug
2852,20-06-2025 00:30,20-06-2025 07:30,Medium,Bug
2853,12-05-2025 09:08,12-05-2025 17:08,Medium,Other
2854,26-06-2025 15:43,26-06-2025 20:43,High,Payment
2855,10-05-2025 02:43,10-05-2025 10:43,Medium,Payment
2856,03-06-2025 13:49,03-06-2025 20:49,Medium,Other
2857,27-05-2025 00:39,27-05-2025 18:39,Low,Other
2858,15-05-2025 05:25,15-05-2025 21:25,Low,Login
2859,28-05-2025 06:34,28-05-2025 12:34,Medium,Payment
2860,29-06-2025 21:45,01-07-2025 09:45,Low,Bug
2861,17-05-2025 20:23,18-05-2025 18:23,Low,Bug
2862,23-06-2025 13:55,24-06-2025 04:55,Low,Bug
2863,29-06-2025 01:42,29-06-2025 16:42,Low,Payment
2864,21-06-2025 05:38,22-06-2025 09:38,Low,Other
2865,10-05-2025 10:34,10-05-2025 13:34,High,Payment
2866,27-06-2025 01:57,28-06-2025 08:57,Low,Other
2867,01-06-2025 22:51,02-06-2025 09:51,Medium,Other
2868,01-06-2025 12:39,01-06-2025 21:39,Medium,Bug
2869,07-05-2025 21:52,08-05-2025 06:52,Medium,Payment
2870,07-05-2025 02:17,08-05-2025 12:17,Low,Login
2871,11-05-2025 05:12,11-05-2025 07:12,High,Bug
2872,03-06-2025 11:43,04-06-2025 19:43,Low,Login
2873,04-05-2025 20:31,05-05-2025 21:31,Low,Login
2874,15-05-2025 14:06,16-05-2025 23:06,Low,Payment
2875,29-05-2025 11:34,30-05-2025 02:34,Medium,Other
2876,23-05-2025 13:05,23-05-2025 14:05,High,Payment
2877,30-05-2025 11:27,31-05-2025 00:27,Medium,Login
2878,29-06-2025 13:15,01-07-2025 00:15,Low,Bug
2879,13-06-2025 08:39,13-06-2025 18:39,Medium,Other
2880,03-06-2025 03:03,04-06-2025 12:03,Low,Bug
2881,28-05-2025 08:41,28-05-2025 12:41,High,Bug
2882,27-05-2025 18:37,27-05-2025 19:37,High,Payment
2883,18-06-2025 04:30,19-06-2025 04:30,Low,Other
2884,20-05-2025 16:50,21-05-2025 01:50,Medium,Other
2885,09-06-2025 11:27,09-06-2025 21:27,Medium,Bug
2886,14-06-2025 19:56,15-06-2025 08:56,Low,Other
2887,16-05-2025 21:48,17-05-2025 09:48,Medium,Bug
2888,09-06-2025 22:59,10-06-2025 19:59,Low,Bug
2889,19-05-2025 18:33,20-05-2025 08:33,Medium,Payment
2890,04-06-2025 17:49,04-06-2025 19:49,High,Other
2891,21-05-2025 06:07,22-05-2025 17:07,Low,Other
2892,03-05-2025 18:22,04-05-2025 11:22,Low,Other
2893,16-06-2025 22:01,17-06-2025 00:01,High,Login
2894,21-06-2025 00:17,22-06-2025 04:17,Low,Bug
2895,08-06-2025 21:58,09-06-2025 07:58,Medium,Bug
2896,09-05-2025 16:40,10-05-2025 02:40,Medium,Login
2897,25-05-2025 20:54,27-05-2025 00:54,Low,Other
2898,26-06-2025 21:44,27-06-2025 03:44,Medium,Bug
2899,05-05-2025 21:04,06-05-2025 09:04,Low,Payment
2900,18-05-2025 10:21,18-05-2025 23:21,Low,Payment
2901,06-06-2025 23:16,08-06-2025 09:16,Low,Other
2902,15-06-2025 19:34,16-06-2025 22:34,Low,Bug
2903,08-05-2025 12:39,09-05-2025 21:39,Low,Payment
2904,13-05-2025 14:14,14-05-2025 08:14,Low,Login
2905,12-06-2025 13:18,12-06-2025 23:18,Medium,Payment
2906,12-06-2025 17:41,13-06-2025 10:41,Low,Bug
2907,09-05-2025 21:21,10-05-2025 00:21,High,Bug
2908,14-05-2025 22:49,16-05-2025 03:49,Low,Other
2909,04-05-2025 13:24,05-05-2025 14:24,Low,Bug
2910,05-06-2025 00:59,05-06-2025 19:59,Low,Login
2911,19-06-2025 12:55,19-06-2025 19:55,Medium,Payment
2912,08-05-2025 19:34,09-05-2025 07:34,Medium,Login
2913,08-05-2025 23:48,10-05-2025 10:48,Low,Bug
2914,14-06-2025 12:12,15-06-2025 16:12,Low,Other
2915,14-06-2025 21:03,16-06-2025 04:03,Low,Login
2916,15-06-2025 09:57,15-06-2025 10:57,High,Bug
2917,25-06-2025 18:56,26-06-2025 22:56,Low,Bug
2918,05-05-2025 00:14,05-05-2025 15:14,Medium,Login
2919,26-06-2025 18:58,28-06-2025 00:58,Low,Bug
2920,17-05-2025 15:38,18-05-2025 09:38,Low,Bug
2921,02-05-2025 04:50,02-05-2025 23:50,Low,Bug
2922,28-06-2025 22:32,29-06-2025 16:32,Low,Other
2923,21-06-2025 21:48,22-06-2025 09:48,Medium,Bug
2924,03-05-2025 18:54,04-05-2025 18:54,Low,Other
2925,21-05-2025 07:25,21-05-2025 13:25,High,Payment
2926,29-05-2025 19:51,30-05-2025 02:51,Medium,Other
2927,25-05-2025 15:47,25-05-2025 21:47,Medium,Bug
2928,05-06-2025 06:01,05-06-2025 19:01,Medium,Login
2929,01-05-2025 00:07,01-05-2025 07:07,Medium,Login
2930,25-06-2025 11:16,25-06-2025 18:16,Medium,Payment
2931,22-06-2025 23:14,23-06-2025 13:14,Low,Bug
2932,27-06-2025 01:40,28-06-2025 11:40,Low,Login
2933,16-05-2025 08:53,16-05-2025 17:53,Medium,Payment
2934,01-06-2025 15:25,01-06-2025 16:25,High,Login
2935,19-06-2025 03:29,19-06-2025 09:29,Medium,Bug
2936,20-06-2025 15:30,20-06-2025 19:30,High,Login
2937,26-05-2025 23:14,28-05-2025 10:14,Low,Other
2938,11-05-2025 11:56,11-05-2025 15:56,High,Bug
2939,15-06-2025 17:48,16-06-2025 15:48,Low,Bug
2940,05-06-2025 08:25,05-06-2025 20:25,Medium,Bug
2941,08-06-2025 13:18,09-06-2025 07:18,Low,Payment
2942,29-05-2025 15:48,29-05-2025 20:48,High,Login
2943,04-06-2025 19:12,04-06-2025 21:12,High,Bug
2944,03-06-2025 14:07,04-06-2025 22:07,Low,Login
2945,23-05-2025 18:34,24-05-2025 05:34,Medium,Other
2946,11-05-2025 16:22,13-05-2025 01:22,Low,Payment
2947,09-06-2025 18:08,10-06-2025 21:08,Low,Login
2948,23-05-2025 00:57,23-05-2025 06:57,Medium,Other
2949,07-05-2025 04:30,08-05-2025 14:30,Low,Login
2950,26-06-2025 06:58,27-06-2025 01:58,Low,Payment
2951,11-06-2025 19:08,12-06-2025 03:08,Medium,Other
2952,19-06-2025 13:35,20-06-2025 02:35,Medium,Bug
2953,08-05-2025 15:52,09-05-2025 14:52,Low,Other
2954,20-06-2025 15:00,21-06-2025 03:00,Medium,Login
2955,06-06-2025 23:03,07-06-2025 05:03,High,Login
2956,24-05-2025 19:19,25-05-2025 09:19,Medium,Payment
2957,30-06-2025 16:22,30-06-2025 22:22,Medium,Other
2958,07-05-2025 12:34,07-05-2025 13:34,High,Payment
2959,24-05-2025 00:17,24-05-2025 08:17,Medium,Login
2960,24-05-2025 04:05,24-05-2025 09:05,High,Other
2961,01-05-2025 02:06,01-05-2025 07:06,High,Other
2962,23-05-2025 08:16,24-05-2025 10:16,Low,Bug
2963,04-06-2025 05:08,04-06-2025 06:08,High,Payment
2964,17-05-2025 12:33,17-05-2025 13:33,High,Payment
2965,31-05-2025 11:39,01-06-2025 23:39,Low,Login
2966,11-05-2025 22:47,12-05-2025 12:47,Medium,Other
2967,26-05-2025 05:12,27-05-2025 07:12,Low,Login
2968,07-05-2025 09:36,08-05-2025 00:36,Medium,Other
2969,11-05-2025 14:58,11-05-2025 21:58,Medium,Other
2970,17-05-2025 11:38,17-05-2025 21:38,Medium,Payment
2971,17-05-2025 12:47,17-05-2025 19:47,Medium,Other
2972,29-05-2025 07:11,29-05-2025 13:11,High,Bug
2973,30-05-2025 19:50,01-06-2025 02:50,Low,Login
2974,04-06-2025 05:36,04-06-2025 07:36,High,Payment
2975,23-05-2025 07:50,23-05-2025 13:50,Medium,Other
2976,06-06-2025 09:58,07-06-2025 20:58,Low,Payment
2977,10-06-2025 13:29,10-06-2025 15:29,High,Login
2978,07-06-2025 15:11,07-06-2025 21:11,High,Other
2979,08-06-2025 11:40,08-06-2025 17:40,Medium,Bug
2980,28-05-2025 23:09,29-05-2025 06:09,Medium,Payment
2981,30-05-2025 18:22,31-05-2025 14:22,Low,Other
2982,26-05-2025 23:33,27-05-2025 15:33,Low,Other
2983,11-06-2025 13:01,12-06-2025 16:01,Low,Login
2984,04-06-2025 01:11,04-06-2025 05:11,High,Other
2985,01-05-2025 18:12,03-05-2025 04:12,Low,Payment
2986,18-05-2025 15:49,19-05-2025 02:49,Medium,Bug
2987,18-06-2025 21:07,19-06-2025 00:07,High,Other
2988,18-05-2025 01:15,18-05-2025 06:15,High,Payment
2989,01-05-2025 18:11,03-05-2025 06:11,Low,Payment
2990,25-05-2025 05:45,25-05-2025 14:45,Medium,Bug
2991,17-06-2025 23:21,18-06-2025 13:21,Low,Bug
2992,07-05-2025 18:36,09-05-2025 00:36,Low,Login
2993,01-06-2025 13:53,02-06-2025 01:53,Medium,Other
2994,07-05-2025 12:48,07-05-2025 20:48,Medium,Other
2995,21-05-2025 00:13,21-05-2025 13:13,Medium,Other
2996,17-05-2025 16:20,18-05-2025 07:20,Medium,Payment
2997,06-06-2025 03:07,06-06-2025 17:07,Low,Login
2998,06-05-2025 14:49,08-05-2025 00:49,Low,Other
2999,13-06-2025 17:02,14-06-2025 03:02,Medium,Other
3000,22-06-2025 10:51,23-06-2025 01:51,Medium,Bug
3001,20-06-2025 20:04,20-06-2025 23:04,High,Login
3002,03-05-2025 04:07,03-05-2025 08:07,High,Bug
3003,17-05-2025 22:12,19-05-2025 03:12,Low,Login
3004,19-05-2025 20:13,20-05-2025 09:13,Medium,Login
3005,10-05-2025 20:19,11-05-2025 05:19,Medium,Other
3006,28-06-2025 21:31,29-06-2025 10:31,Low,Bug
3007,04-06-2025 17:51,05-06-2025 05:51,Medium,Login
3008,16-05-2025 10:00,17-05-2025 06:00,Low,Login
3009,23-05-2025 05:12,23-05-2025 11:12,Medium,Bug
3010,14-05-2025 18:32,14-05-2025 19:32,High,Other
3011,10-06-2025 04:55,11-06-2025 09:55,Low,Payment
3012,19-05-2025 19:37,20-05-2025 05:37,Medium,Bug
3013,14-06-2025 19:51,15-06-2025 06:51,Medium,Bug
3014,14-06-2025 01:29,15-06-2025 12:29,Low,Bug
3015,10-05-2025 18:09,11-05-2025 08:09,Low,Login
3016,06-05-2025 04:14,07-05-2025 10:14,Low,Other
3017,17-05-2025 22:45,18-05-2025 22:45,Low,Payment
3018,12-06-2025 00:15,12-06-2025 06:15,High,Payment
3019,24-06-2025 21:35,25-06-2025 23:35,Low,Other
3020,12-05-2025 20:25,13-05-2025 05:25,Medium,Bug
3021,19-05-2025 22:54,20-05-2025 16:54,Low,Login
3022,06-05-2025 05:33,07-05-2025 01:33,Low,Login
3023,08-06-2025 21:11,09-06-2025 10:11,Medium,Login
3024,24-06-2025 02:53,24-06-2025 10:53,Medium,Bug
3025,13-06-2025 04:40,13-06-2025 17:40,Low,Payment
3026,22-06-2025 06:29,23-06-2025 09:29,Low,Bug
3027,29-06-2025 04:08,29-06-2025 19:08,Low,Bug
3028,19-06-2025 17:30,20-06-2025 06:30,Medium,Bug
3029,22-05-2025 08:00,22-05-2025 23:00,Medium,Login
3030,16-06-2025 18:02,16-06-2025 19:02,High,Payment
3031,16-06-2025 14:41,16-06-2025 15:41,High,Other
3032,08-05-2025 13:13,08-05-2025 22:13,Medium,Other
3033,16-05-2025 20:06,16-05-2025 23:06,High,Payment
3034,31-05-2025 10:05,31-05-2025 15:05,High,Other
3035,16-05-2025 09:02,16-05-2025 10:02,High,Other
3036,22-06-2025 02:01,22-06-2025 14:01,Medium,Other
3037,04-06-2025 13:15,04-06-2025 15:15,High,Login
3038,27-05-2025 05:28,27-05-2025 11:28,Medium,Other
3039,16-06-2025 19:39,17-06-2025 06:39,Medium,Login
3040,25-06-2025 05:42,25-06-2025 20:42,Low,Login
3041,19-06-2025 07:01,19-06-2025 18:01,Medium,Login
3042,13-06-2025 09:40,14-06-2025 18:40,Low,Payment
3043,19-06-2025 13:35,19-06-2025 18:35,High,Payment
3044,08-06-2025 01:00,08-06-2025 02:00,High,Other
3045,23-05-2025 01:26,23-05-2025 07:26,High,Other
3046,18-06-2025 00:25,18-06-2025 04:25,High,Other
3047,13-05-2025 17:47,14-05-2025 06:47,Low,Other
3048,20-05-2025 09:56,20-05-2025 12:56,High,Login
3049,25-05-2025 10:59,25-05-2025 14:59,High,Login
3050,27-05-2025 12:09,28-05-2025 13:09,Low,Login
3051,04-06-2025 17:07,04-06-2025 22:07,High,Bug
3052,13-06-2025 13:18,14-06-2025 06:18,Low,Other
3053,08-06-2025 05:05,08-06-2025 14:05,Medium,Other
3054,12-05-2025 09:46,12-05-2025 20:46,Medium,Login
3055,04-05-2025 12:24,04-05-2025 16:24,High,Bug
3056,20-05-2025 20:10,22-05-2025 00:10,Low,Other
3057,20-06-2025 11:51,21-06-2025 15:51,Low,Payment
3058,08-06-2025 00:19,08-06-2025 14:19,Medium,Payment
3059,29-05-2025 20:01,29-05-2025 22:01,High,Other
3060,01-05-2025 05:58,02-05-2025 03:58,Low,Other
3061,29-06-2025 08:46,30-06-2025 10:46,Low,Payment
3062,27-05-2025 21:02,28-05-2025 14:02,Low,Login
3063,02-06-2025 01:31,03-06-2025 10:31,Low,Bug
3064,24-05-2025 18:41,25-05-2025 07:41,Low,Other
3065,16-05-2025 18:46,17-05-2025 08:46,Medium,Login
3066,07-06-2025 06:22,07-06-2025 21:22,Low,Payment
3067,28-06-2025 16:18,29-06-2025 05:18,Medium,Payment
3068,12-06-2025 14:02,12-06-2025 17:02,High,Bug
3069,24-06-2025 07:21,24-06-2025 22:21,Medium,Bug
3070,22-05-2025 15:24,23-05-2025 17:24,Low,Payment
3071,13-06-2025 03:40,13-06-2025 17:40,Medium,Login
3072,02-05-2025 03:14,02-05-2025 11:14,Medium,Login
3073,03-06-2025 22:54,05-06-2025 07:54,Low,Other
3074,19-06-2025 05:20,19-06-2025 17:20,Low,Payment
3075,19-05-2025 07:21,19-05-2025 21:21,Low,Other
3076,24-05-2025 13:35,24-05-2025 23:35,Medium,Other
3077,12-06-2025 19:45,13-06-2025 00:45,High,Bug
3078,15-06-2025 22:20,16-06-2025 05:20,Medium,Payment
3079,21-06-2025 10:09,22-06-2025 21:09,Low,Login
3080,02-05-2025 07:57,03-05-2025 12:57,Low,Bug
3081,12-06-2025 09:15,12-06-2025 11:15,High,Bug
3082,31-05-2025 02:40,31-05-2025 04:40,High,Login
3083,13-05-2025 21:52,14-05-2025 15:52,Low,Payment
3084,20-06-2025 03:48,20-06-2025 05:48,High,Login
3085,13-06-2025 04:53,14-06-2025 13:53,Low,Bug
3086,13-06-2025 19:30,15-06-2025 02:30,Low,Payment
3087,21-06-2025 01:35,21-06-2025 06:35,High,Login
3088,12-06-2025 11:12,13-06-2025 20:12,Low,Bug
3089,10-06-2025 01:36,10-06-2025 12:36,Medium,Bug
3090,27-05-2025 16:56,28-05-2025 09:56,Low,Other
3091,06-06-2025 17:11,07-06-2025 01:11,Medium,Login
3092,10-05-2025 23:43,12-05-2025 01:43,Low,Other
3093,08-06-2025 02:47,08-06-2025 05:47,High,Bug
3094,01-06-2025 19:52,03-06-2025 00:52,Low,Other
3095,09-06-2025 22:30,10-06-2025 13:30,Medium,Payment
3096,02-06-2025 23:26,03-06-2025 10:26,Medium,Other
3097,08-05-2025 19:46,09-05-2025 10:46,Medium,Payment
3098,04-05-2025 00:14,04-05-2025 15:14,Medium,Bug
3099,28-05-2025 11:17,29-05-2025 17:17,Low,Bug
3100,26-06-2025 07:17,26-06-2025 12:17,High,Login
3101,22-06-2025 20:00,23-06-2025 08:00,Medium,Other
3102,24-06-2025 03:03,24-06-2025 12:03,Medium,Other
3103,23-05-2025 22:21,24-05-2025 10:21,Low,Other
3104,18-06-2025 18:05,19-06-2025 02:05,Medium,Other
3105,27-06-2025 12:29,28-06-2025 03:29,Medium,Payment
3106,13-06-2025 06:51,13-06-2025 10:51,High,Bug
3107,28-06-2025 09:42,28-06-2025 16:42,Medium,Other
3108,22-05-2025 10:49,23-05-2025 05:49,Low,Login
3109,08-06-2025 07:02,08-06-2025 13:02,High,Other
3110,17-06-2025 11:09,18-06-2025 11:09,Low,Bug
3111,16-06-2025 19:45,17-06-2025 07:45,Low,Payment
3112,28-06-2025 00:08,28-06-2025 15:08,Medium,Payment
3113,19-06-2025 23:32,20-06-2025 12:32,Low,Bug
3114,25-06-2025 18:14,27-06-2025 02:14,Low,Other
3115,17-06-2025 09:18,18-06-2025 10:18,Low,Login
3116,03-06-2025 23:00,04-06-2025 21:00,Low,Payment
3117,04-05-2025 07:08,05-05-2025 02:08,Low,Payment
3118,15-05-2025 16:57,16-05-2025 09:57,Low,Other
3119,29-05-2025 13:59,30-05-2025 04:59,Low,Bug
3120,08-06-2025 12:07,09-06-2025 02:07,Medium,Bug
3121,02-05-2025 05:56,03-05-2025 11:56,Low,Other
3122,14-06-2025 16:37,15-06-2025 16:37,Low,Bug
3123,03-05-2025 22:53,05-05-2025 08:53,Low,Payment
3124,21-05-2025 16:37,22-05-2025 05:37,Medium,Payment
3125,19-05-2025 00:48,20-05-2025 04:48,Low,Payment
3126,24-05-2025 11:22,25-05-2025 00:22,Medium,Bug
3127,15-05-2025 17:48,16-05-2025 04:48,Medium,Other
3128,15-06-2025 06:49,15-06-2025 09:49,High,Bug
3129,04-05-2025 14:04,04-05-2025 20:04,Medium,Bug
3130,06-06-2025 01:12,06-06-2025 07:12,High,Bug
3131,05-06-2025 16:16,06-06-2025 04:16,Medium,Payment
3132,11-06-2025 22:49,13-06-2025 09:49,Low,Login
3133,08-05-2025 07:26,08-05-2025 23:26,Low,Bug
3134,03-06-2025 03:19,03-06-2025 05:19,High,Login
3135,08-05-2025 04:00,08-05-2025 10:00,High,Other
3136,04-05-2025 16:00,04-05-2025 21:00,High,Login
3137,16-05-2025 21:45,17-05-2025 08:45,Medium,Payment
3138,06-05-2025 19:11,06-05-2025 21:11,High,Bug
3139,14-05-2025 09:27,14-05-2025 19:27,Medium,Login
3140,11-05-2025 13:19,11-05-2025 17:19,High,Other
3141,07-06-2025 22:51,08-06-2025 08:51,Medium,Bug
3142,08-05-2025 18:26,08-05-2025 20:26,High,Bug
3143,11-06-2025 15:29,12-06-2025 15:29,Low,Payment
3144,12-05-2025 12:10,12-05-2025 23:10,Medium,Payment
3145,31-05-2025 17:29,02-06-2025 04:29,Low,Payment
3146,21-05-2025 12:47,22-05-2025 02:47,Low,Bug
3147,16-05-2025 23:13,18-05-2025 02:13,Low,Login
3148,25-06-2025 06:53,25-06-2025 16:53,Medium,Other
3149,17-06-2025 06:09,17-06-2025 21:09,Medium,Login
3150,25-05-2025 19:28,26-05-2025 02:28,Medium,Payment
3151,07-06-2025 23:54,08-06-2025 20:54,Low,Payment
3152,20-05-2025 00:25,20-05-2025 13:25,Medium,Bug
3153,18-06-2025 16:00,19-06-2025 02:00,Medium,Other
3154,28-05-2025 00:03,28-05-2025 07:03,Medium,Bug
3155,16-05-2025 06:57,16-05-2025 21:57,Medium,Bug
3156,01-05-2025 09:35,01-05-2025 10:35,High,Other
3157,10-06-2025 12:48,10-06-2025 18:48,High,Login
3158,20-06-2025 08:20,21-06-2025 13:20,Low,Login
3159,30-06-2025 05:13,30-06-2025 17:13,Low,Payment
3160,08-06-2025 17:00,09-06-2025 15:00,Low,Bug
3161,18-06-2025 23:22,20-06-2025 03:22,Low,Payment
3162,30-06-2025 05:27,30-06-2025 21:27,Low,Other
3163,02-06-2025 10:01,03-06-2025 04:01,Low,Payment
3164,12-05-2025 00:07,12-05-2025 14:07,Low,Other
3165,12-05-2025 10:55,13-05-2025 01:55,Medium,Bug
3166,25-05-2025 17:19,25-05-2025 19:19,High,Payment
3167,03-05-2025 03:36,03-05-2025 11:36,Medium,Other
3168,01-05-2025 06:16,02-05-2025 12:16,Low,Bug
3169,03-05-2025 04:51,03-05-2025 18:51,Medium,Payment
3170,12-05-2025 20:58,13-05-2025 08:58,Low,Other
3171,19-06-2025 07:17,19-06-2025 12:17,High,Bug
3172,18-05-2025 19:09,20-05-2025 04:09,Low,Bug
3173,31-05-2025 10:59,01-06-2025 01:59,Medium,Payment
3174,04-05-2025 03:59,05-05-2025 09:59,Low,Bug
3175,03-05-2025 00:47,03-05-2025 03:47,High,Payment
3176,13-06-2025 08:47,13-06-2025 14:47,High,Login
3177,04-05-2025 16:30,05-05-2025 07:30,Medium,Bug
3178,23-06-2025 07:56,23-06-2025 12:56,High,Login
3179,10-05-2025 18:23,11-05-2025 08:23,Medium,Payment
3180,09-06-2025 21:02,10-06-2025 05:02,Medium,Bug
3181,01-05-2025 19:44,03-05-2025 04:44,Low,Login
3182,25-06-2025 02:25,25-06-2025 13:25,Medium,Payment
3183,26-05-2025 19:47,26-05-2025 21:47,High,Login
3184,03-06-2025 05:31,03-06-2025 10:31,High,Login
3185,01-05-2025 20:19,02-05-2025 09:19,Medium,Other
3186,07-06-2025 12:39,07-06-2025 15:39,High,Login
3187,01-06-2025 03:12,01-06-2025 05:12,High,Bug
3188,26-06-2025 20:22,27-06-2025 18:22,Low,Bug
3189,05-05-2025 18:44,06-05-2025 17:44,Low,Payment
3190,14-06-2025 19:39,15-06-2025 01:39,High,Bug
3191,28-06-2025 13:17,28-06-2025 22:17,Medium,Payment
3192,21-06-2025 23:57,22-06-2025 05:57,High,Bug
3193,14-06-2025 08:39,14-06-2025 16:39,Medium,Bug
3194,03-05-2025 15:48,03-05-2025 21:48,High,Bug
3195,29-06-2025 17:07,30-06-2025 15:07,Low,Other
3196,10-05-2025 17:32,11-05-2025 03:32,Medium,Other
3197,14-06-2025 00:20,14-06-2025 12:20,Low,Payment
3198,15-06-2025 08:37,15-06-2025 17:37,Medium,Bug
3199,29-06-2025 08:29,30-06-2025 06:29,Low,Other
3200,14-05-2025 19:44,15-05-2025 03:44,Medium,Login
3201,25-06-2025 16:51,26-06-2025 05:51,Medium,Login
3202,28-05-2025 07:26,28-05-2025 21:26,Medium,Login
3203,01-06-2025 08:57,02-06-2025 07:57,Low,Login
3204,16-05-2025 12:39,17-05-2025 19:39,Low,Payment
3205,27-05-2025 01:07,27-05-2025 07:07,High,Login
3206,24-06-2025 12:22,25-06-2025 02:22,Medium,Other
3207,13-06-2025 06:52,13-06-2025 07:52,High,Bug
3208,28-05-2025 15:46,29-05-2025 02:46,Medium,Login
3209,24-05-2025 11:14,24-05-2025 19:14,Medium,Bug
3210,10-05-2025 16:43,11-05-2025 18:43,Low,Payment
3211,07-06-2025 03:55,07-06-2025 10:55,Medium,Payment
3212,27-05-2025 08:56,27-05-2025 21:56,Medium,Login
3213,22-05-2025 03:58,22-05-2025 17:58,Medium,Payment
3214,11-06-2025 20:44,11-06-2025 23:44,High,Other
3215,11-05-2025 00:20,11-05-2025 07:20,Medium,Payment
3216,20-06-2025 08:02,20-06-2025 15:02,Medium,Payment
3217,27-05-2025 11:15,27-05-2025 17:15,High,Other
3218,21-05-2025 17:07,22-05-2025 15:07,Low,Bug
3219,18-05-2025 19:29,20-05-2025 04:29,Low,Other
3220,13-05-2025 00:32,13-05-2025 06:32,High,Bug
3221,04-06-2025 11:33,04-06-2025 23:33,Medium,Login
3222,12-06-2025 19:51,12-06-2025 22:51,High,Other
3223,28-06-2025 05:06,28-06-2025 19:06,Medium,Payment
3224,07-06-2025 12:43,08-06-2025 19:43,Low,Bug
3225,02-05-2025 16:24,03-05-2025 05:24,Low,Other
3226,13-06-2025 22:43,14-06-2025 12:43,Low,Other
3227,11-05-2025 18:20,12-05-2025 04:20,Medium,Other
3228,20-06-2025 05:42,20-06-2025 16:42,Medium,Payment
3229,24-05-2025 13:35,25-05-2025 04:35,Medium,Login
3230,13-05-2025 08:51,13-05-2025 17:51,Medium,Bug
3231,05-05-2025 13:25,05-05-2025 23:25,Medium,Bug
3232,24-05-2025 15:34,24-05-2025 22:34,Medium,Bug
3233,16-05-2025 13:49,18-05-2025 01:49,Low,Payment
3234,20-05-2025 03:58,20-05-2025 04:58,High,Other
3235,10-06-2025 14:34,11-06-2025 15:34,Low,Payment
3236,07-06-2025 02:52,07-06-2025 16:52,Medium,Payment
3237,11-06-2025 18:20,12-06-2025 06:20,Medium,Login
3238,26-06-2025 14:43,27-06-2025 04:43,Medium,Bug
3239,09-05-2025 14:14,10-05-2025 02:14,Low,Login
3240,06-06-2025 15:58,06-06-2025 23:58,Medium,Other
3241,31-05-2025 04:49,01-06-2025 07:49,Low,Bug
3242,08-05-2025 04:35,09-05-2025 15:35,Low,Payment
3243,26-05-2025 23:27,27-05-2025 06:27,Medium,Bug
3244,09-06-2025 07:46,10-06-2025 06:46,Low,Bug
3245,09-06-2025 09:46,10-06-2025 17:46,Low,Payment
3246,23-05-2025 09:15,23-05-2025 22:15,Medium,Payment
3247,30-06-2025 04:39,30-06-2025 08:39,High,Other
3248,13-05-2025 02:37,13-05-2025 14:37,Low,Payment
3249,06-06-2025 18:43,07-06-2025 03:43,Medium,Login
3250,09-05-2025 00:38,10-05-2025 02:38,Low,Bug
3251,18-06-2025 04:21,18-06-2025 08:21,High,Bug
3252,17-05-2025 10:43,18-05-2025 00:43,Low,Payment
3253,15-06-2025 21:09,15-06-2025 23:09,High,Payment
3254,29-06-2025 11:26,29-06-2025 21:26,Medium,Login
3255,07-06-2025 04:01,08-06-2025 06:01,Low,Login
3256,22-05-2025 18:49,23-05-2025 08:49,Low,Other
3257,20-05-2025 14:58,21-05-2025 04:58,Medium,Other
3258,21-05-2025 17:49,22-05-2025 20:49,Low,Other
3259,09-05-2025 14:38,10-05-2025 05:38,Low,Other
3260,28-06-2025 16:50,29-06-2025 21:50,Low,Other
3261,21-06-2025 01:59,21-06-2025 12:59,Medium,Other
3262,22-06-2025 20:43,24-06-2025 04:43,Low,Login
3263,13-06-2025 14:44,14-06-2025 03:44,Medium,Other
3264,22-05-2025 23:50,24-05-2025 03:50,Low,Login
3265,09-06-2025 08:32,09-06-2025 14:32,Medium,Bug
3266,29-06-2025 19:39,30-06-2025 09:39,Medium,Login
3267,10-05-2025 12:50,11-05-2025 15:50,Low,Other
3268,23-06-2025 15:24,24-06-2025 13:24,Low,Bug
3269,25-06-2025 17:12,25-06-2025 23:12,High,Payment
3270,07-05-2025 02:42,07-05-2025 06:42,High,Payment
3271,12-06-2025 08:44,13-06-2025 08:44,Low,Login
3272,19-06-2025 16:33,20-06-2025 07:33,Medium,Payment
3273,11-06-2025 21:37,12-06-2025 17:37,Low,Bug
3274,17-05-2025 18:48,17-05-2025 21:48,High,Payment
3275,23-06-2025 00:50,23-06-2025 08:50,Medium,Login
3276,29-06-2025 17:17,29-06-2025 20:17,High,Other
3277,21-06-2025 22:02,22-06-2025 11:02,Medium,Payment
3278,12-06-2025 08:43,12-06-2025 19:43,Medium,Bug
3279,22-06-2025 00:18,22-06-2025 12:18,Medium,Payment
3280,24-06-2025 04:12,24-06-2025 06:12,High,Login
3281,21-05-2025 06:43,22-05-2025 13:43,Low,Bug
3282,15-05-2025 05:04,15-05-2025 18:04,Medium,Login
3283,17-06-2025 09:58,18-06-2025 11:58,Low,Login
3284,28-05-2025 17:10,28-05-2025 23:10,High,Bug
3285,17-06-2025 16:32,18-06-2025 01:32,Medium,Bug
3286,02-05-2025 08:27,02-05-2025 09:27,High,Bug
3287,27-05-2025 06:44,27-05-2025 20:44,Medium,Payment
3288,01-05-2025 11:50,01-05-2025 19:50,Medium,Login
3289,25-06-2025 18:22,26-06-2025 19:22,Low,Login
3290,20-05-2025 06:54,21-05-2025 06:54,Low,Login
3291,26-05-2025 15:33,27-05-2025 13:33,Low,Bug
3292,03-05-2025 11:09,04-05-2025 01:09,Medium,Bug
3293,08-05-2025 16:49,08-05-2025 18:49,High,Payment
3294,19-05-2025 09:47,19-05-2025 21:47,Medium,Bug
3295,26-05-2025 16:19,27-05-2025 11:19,Low,Other
3296,01-06-2025 20:12,02-06-2025 07:12,Medium,Other
3297,13-05-2025 05:09,14-05-2025 04:09,Low,Payment
3298,26-06-2025 00:17,26-06-2025 17:17,Low,Payment
3299,28-06-2025 23:50,29-06-2025 01:50,High,Bug
3300,25-05-2025 18:22,25-05-2025 23:22,High,Login
3301,19-05-2025 00:54,19-05-2025 13:54,Medium,Payment
3302,30-06-2025 19:18,01-07-2025 13:18,Low,Bug
3303,30-05-2025 17:28,31-05-2025 00:28,Medium,Other
3304,15-06-2025 03:53,15-06-2025 23:53,Low,Other
3305,05-05-2025 20:17,05-05-2025 23:17,High,Bug
3306,28-06-2025 02:48,28-06-2025 20:48,Low,Other
3307,23-05-2025 06:39,23-05-2025 20:39,Medium,Login
3308,01-05-2025 00:26,01-05-2025 14:26,Medium,Payment
3309,18-05-2025 22:18,19-05-2025 05:18,Medium,Bug
3310,23-05-2025 01:44,23-05-2025 15:44,Low,Other
3311,26-06-2025 07:00,26-06-2025 22:00,Low,Other
3312,01-05-2025 04:24,01-05-2025 13:24,Medium,Payment
3313,20-05-2025 02:05,20-05-2025 09:05,Medium,Login
3314,11-05-2025 05:22,11-05-2025 10:22,High,Payment
3315,04-06-2025 17:56,05-06-2025 12:56,Low,Login
3316,13-06-2025 00:23,13-06-2025 08:23,Medium,Bug
3317,05-06-2025 02:38,05-06-2025 06:38,High,Other
3318,19-06-2025 08:24,19-06-2025 13:24,High,Payment
3319,02-05-2025 22:03,03-05-2025 20:03,Low,Login
3320,22-06-2025 04:30,22-06-2025 10:30,High,Login
3321,27-06-2025 17:08,29-06-2025 01:08,Low,Payment
3322,03-06-2025 14:18,04-06-2025 23:18,Low,Payment
3323,05-06-2025 21:40,06-06-2025 18:40,Low,Other
3324,14-05-2025 01:15,14-05-2025 21:15,Low,Payment
3325,30-06-2025 02:00,30-06-2025 18:00,Low,Bug
3326,02-06-2025 18:14,03-06-2025 09:14,Medium,Other
3327,02-05-2025 11:18,02-05-2025 17:18,Medium,Payment
3328,03-05-2025 21:43,04-05-2025 09:43,Low,Login
3329,13-06-2025 11:06,14-06-2025 00:06,Medium,Bug
3330,03-06-2025 22:05,04-06-2025 14:05,Low,Bug
3331,04-05-2025 18:30,05-05-2025 17:30,Low,Other
3332,09-06-2025 14:27,09-06-2025 20:27,High,Bug
3333,02-06-2025 23:22,04-06-2025 08:22,Low,Login
3334,07-05-2025 22:55,08-05-2025 11:55,Medium,Payment
3335,24-05-2025 05:23,25-05-2025 01:23,Low,Other
3336,26-06-2025 20:09,27-06-2025 02:09,Medium,Payment
3337,20-05-2025 03:24,21-05-2025 13:24,Low,Other
3338,16-05-2025 21:32,16-05-2025 23:32,High,Other
3339,22-06-2025 00:38,22-06-2025 13:38,Low,Other
3340,22-06-2025 02:27,22-06-2025 09:27,Medium,Other
3341,04-05-2025 00:39,04-05-2025 13:39,Low,Bug
3342,14-05-2025 14:03,14-05-2025 20:03,Medium,Payment
3343,25-05-2025 16:47,26-05-2025 01:47,Medium,Payment
3344,19-06-2025 23:09,20-06-2025 07:09,Medium,Payment
3345,30-05-2025 21:37,01-06-2025 07:37,Low,Other
3346,29-06-2025 21:49,30-06-2025 10:49,Low,Other
3347,10-05-2025 15:07,12-05-2025 02:07,Low,Bug
3348,06-05-2025 09:03,07-05-2025 15:03,Low,Bug
3349,02-06-2025 20:48,03-06-2025 17:48,Low,Login
3350,28-06-2025 03:44,28-06-2025 12:44,Medium,Payment
3351,12-06-2025 18:13,13-06-2025 09:13,Medium,Other
3352,23-05-2025 17:20,24-05-2025 05:20,Medium,Login
3353,03-05-2025 14:03,04-05-2025 06:03,Low,Bug
3354,27-05-2025 06:49,27-05-2025 16:49,Medium,Other
3355,07-05-2025 00:50,07-05-2025 04:50,High,Login
3356,01-05-2025 22:42,02-05-2025 16:42,Low,Other
3357,11-06-2025 14:31,12-06-2025 06:31,Low,Bug
3358,01-06-2025 04:28,01-06-2025 15:28,Medium,Payment
3359,29-05-2025 15:52,30-05-2025 21:52,Low,Other
3360,26-06-2025 00:45,26-06-2025 01:45,High,Payment
3361,13-05-2025 09:52,13-05-2025 20:52,Medium,Payment
3362,07-06-2025 02:32,08-06-2025 02:32,Low,Payment
3363,27-05-2025 10:39,28-05-2025 20:39,Low,Bug
3364,10-06-2025 17:51,11-06-2025 07:51,Medium,Other
3365,26-06-2025 19:15,27-06-2025 06:15,Medium,Payment
3366,11-06-2025 01:36,11-06-2025 02:36,High,Login
3367,19-05-2025 09:53,19-05-2025 16:53,Medium,Login
3368,13-05-2025 12:58,14-05-2025 18:58,Low,Other
3369,02-06-2025 09:42,02-06-2025 16:42,Medium,Other
3370,06-06-2025 00:42,06-06-2025 18:42,Low,Login
3371,20-06-2025 20:37,20-06-2025 23:37,High,Payment
3372,19-05-2025 01:12,19-05-2025 15:12,Medium,Payment
3373,19-05-2025 05:31,20-05-2025 01:31,Low,Other
3374,13-05-2025 21:19,14-05-2025 11:19,Low,Bug
3375,06-06-2025 20:43,07-06-2025 05:43,Medium,Bug
3376,05-05-2025 14:09,05-05-2025 23:09,Medium,Other
3377,09-05-2025 06:11,10-05-2025 14:11,Low,Other
3378,27-05-2025 20:43,28-05-2025 19:43,Low,Other
3379,23-05-2025 16:22,23-05-2025 17:22,High,Bug
3380,21-06-2025 09:55,21-06-2025 18:55,Medium,Other
3381,25-05-2025 08:21,26-05-2025 03:21,Low,Login
3382,15-06-2025 22:24,16-06-2025 09:24,Medium,Payment
3383,10-06-2025 10:44,11-06-2025 16:44,Low,Bug
3384,15-06-2025 07:19,16-06-2025 12:19,Low,Other
3385,21-06-2025 18:29,22-06-2025 00:29,High,Payment
3386,25-06-2025 06:34,26-06-2025 16:34,Low,Payment
3387,29-06-2025 09:41,29-06-2025 15:41,Medium,Bug
3388,11-06-2025 17:58,11-06-2025 23:58,Medium,Bug
3389,01-06-2025 06:23,01-06-2025 22:23,Low,Other
3390,20-05-2025 14:33,21-05-2025 23:33,Low,Bug
3391,17-06-2025 20:05,18-06-2025 09:05,Medium,Bug
3392,04-05-2025 10:26,05-05-2025 04:26,Low,Payment
3393,26-06-2025 17:43,27-06-2025 20:43,Low,Login
3394,22-05-2025 07:17,23-05-2025 16:17,Low,Bug
3395,26-05-2025 06:55,26-05-2025 12:55,Medium,Payment
3396,19-05-2025 09:16,20-05-2025 00:16,Medium,Login
3397,21-05-2025 05:31,21-05-2025 22:31,Low,Payment
3398,15-05-2025 10:50,15-05-2025 21:50,Medium,Bug
3399,20-05-2025 00:01,20-05-2025 15:01,Low,Other
3400,13-05-2025 11:38,14-05-2025 18:38,Low,Payment
3401,21-06-2025 17:42,22-06-2025 17:42,Low,Login
3402,01-05-2025 19:46,01-05-2025 23:46,High,Other
3403,01-05-2025 23:20,02-05-2025 03:20,High,Login
3404,12-05-2025 17:44,13-05-2025 15:44,Low,Other
3405,08-05-2025 06:17,08-05-2025 17:17,Medium,Login
3406,14-05-2025 21:46,15-05-2025 12:46,Medium,Login
3407,24-06-2025 11:25,24-06-2025 12:25,High,Other
3408,18-06-2025 05:08,18-06-2025 15:08,Medium,Other
3409,26-05-2025 20:38,26-05-2025 22:38,High,Login
3410,14-06-2025 11:01,14-06-2025 20:01,Medium,Login
3411,13-06-2025 16:38,14-06-2025 05:38,Medium,Login
3412,17-06-2025 12:22,18-06-2025 23:22,Low,Other
3413,04-05-2025 19:03,05-05-2025 07:03,Low,Bug
3414,06-06-2025 14:02,08-06-2025 01:02,Low,Bug
3415,24-06-2025 04:04,25-06-2025 01:04,Low,Login
3416,08-06-2025 13:28,09-06-2025 04:28,Medium,Payment
3417,27-05-2025 08:23,27-05-2025 14:23,Medium,Payment
3418,08-05-2025 17:45,08-05-2025 23:45,High,Bug
3419,26-05-2025 19:17,27-05-2025 23:17,Low,Payment
3420,30-06-2025 01:11,30-06-2025 07:11,Medium,Login
3421,23-05-2025 00:48,23-05-2025 16:48,Low,Other
3422,27-06-2025 20:42,28-06-2025 07:42,Medium,Payment
3423,03-06-2025 20:50,04-06-2025 08:50,Medium,Login
3424,23-06-2025 16:54,24-06-2025 00:54,Medium,Bug
3425,27-06-2025 21:18,28-06-2025 10:18,Low,Other
3426,16-05-2025 05:20,17-05-2025 14:20,Low,Login
3427,23-06-2025 12:27,23-06-2025 15:27,High,Login
3428,12-05-2025 03:58,12-05-2025 14:58,Medium,Login
3429,23-06-2025 04:02,23-06-2025 10:02,Medium,Login
3430,03-06-2025 12:30,03-06-2025 18:30,Medium,Payment
3431,30-05-2025 10:20,31-05-2025 20:20,Low,Bug
3432,12-06-2025 16:19,13-06-2025 04:19,Medium,Other
3433,23-05-2025 07:07,23-05-2025 14:07,Medium,Other
3434,03-05-2025 03:13,04-05-2025 08:13,Low,Bug
3435,04-05-2025 09:52,05-05-2025 06:52,Low,Payment
3436,12-06-2025 15:24,13-06-2025 03:24,Medium,Login
3437,09-05-2025 07:51,09-05-2025 08:51,High,Bug
3438,28-05-2025 20:07,29-05-2025 02:07,High,Bug
3439,29-06-2025 21:02,30-06-2025 15:02,Low,Login
3440,08-06-2025 21:41,09-06-2025 12:41,Medium,Login
3441,01-06-2025 08:52,01-06-2025 14:52,Medium,Other
3442,28-06-2025 20:28,29-06-2025 04:28,Medium,Bug
3443,14-06-2025 21:08,15-06-2025 02:08,High,Bug
3444,12-06-2025 10:14,12-06-2025 20:14,Medium,Payment
3445,15-06-2025 15:04,15-06-2025 23:04,Medium,Payment
3446,25-05-2025 13:32,25-05-2025 18:32,High,Bug
3447,24-05-2025 01:49,24-05-2025 15:49,Medium,Other
3448,14-06-2025 10:36,15-06-2025 20:36,Low,Login
3449,05-06-2025 18:24,06-06-2025 05:24,Medium,Other
3450,27-06-2025 12:48,28-06-2025 03:48,Medium,Login
3451,27-05-2025 21:57,28-05-2025 16:57,Low,Bug
3452,01-05-2025 23:33,02-05-2025 13:33,Medium,Other
3453,30-06-2025 19:59,02-07-2025 01:59,Low,Bug
3454,18-05-2025 13:58,18-05-2025 16:58,High,Other
3455,18-06-2025 06:20,18-06-2025 09:20,High,Login
3456,08-05-2025 19:50,08-05-2025 22:50,High,Other
3457,15-06-2025 02:29,15-06-2025 09:29,Medium,Login
3458,11-06-2025 10:59,11-06-2025 23:59,Medium,Payment
3459,25-06-2025 05:50,25-06-2025 19:50,Low,Bug
3460,21-06-2025 06:42,22-06-2025 14:42,Low,Other
3461,23-05-2025 05:35,23-05-2025 20:35,Medium,Bug
3462,22-05-2025 15:54,23-05-2025 18:54,Low,Other
3463,15-05-2025 12:17,16-05-2025 19:17,Low,Login
3464,17-06-2025 05:46,17-06-2025 10:46,High,Login
3465,11-05-2025 21:41,12-05-2025 01:41,High,Login
3466,12-06-2025 15:41,13-06-2025 16:41,Low,Login
3467,03-06-2025 13:45,05-06-2025 00:45,Low,Payment
3468,29-05-2025 13:07,31-05-2025 01:07,Low,Login
3469,05-05-2025 08:52,05-05-2025 23:52,Medium,Bug
3470,07-06-2025 21:26,08-06-2025 01:26,High,Bug
3471,23-06-2025 08:19,23-06-2025 19:19,Medium,Login
3472,06-06-2025 18:59,08-06-2025 04:59,Low,Login
3473,12-06-2025 23:43,13-06-2025 12:43,Medium,Login
3474,11-06-2025 13:01,12-06-2025 03:01,Low,Other
3475,21-06-2025 09:31,22-06-2025 02:31,Low,Login
3476,21-05-2025 05:07,21-05-2025 18:07,Medium,Bug
3477,27-05-2025 02:50,27-05-2025 09:50,Medium,Payment
3478,07-05-2025 20:46,08-05-2025 11:46,Low,Login
3479,06-05-2025 02:14,06-05-2025 14:14,Medium,Bug
3480,13-06-2025 00:14,13-06-2025 23:14,Low,Bug
3481,20-05-2025 23:52,21-05-2025 11:52,Medium,Login
3482,23-06-2025 21:57,24-06-2025 09:57,Medium,Other
3483,25-06-2025 23:12,26-06-2025 08:12,Medium,Payment
3484,10-06-2025 06:18,10-06-2025 19:18,Medium,Payment
3485,16-06-2025 11:11,16-06-2025 20:11,Medium,Payment
3486,20-05-2025 03:33,21-05-2025 08:33,Low,Bug
3487,09-06-2025 14:21,10-06-2025 04:21,Low,Bug
3488,25-06-2025 12:50,25-06-2025 15:50,High,Login
3489,17-05-2025 03:26,17-05-2025 21:26,Low,Login
3490,25-05-2025 15:48,26-05-2025 17:48,Low,Login
3491,14-05-2025 09:42,15-05-2025 20:42,Low,Login
3492,17-05-2025 09:39,18-05-2025 17:39,Low,Bug
3493,05-06-2025 14:57,05-06-2025 15:57,High,Bug
3494,22-06-2025 04:08,23-06-2025 11:08,Low,Payment
3495,04-06-2025 16:23,04-06-2025 21:23,High,Payment
3496,24-05-2025 00:38,25-05-2025 05:38,Low,Payment
3497,22-06-2025 03:36,22-06-2025 04:36,High,Payment
3498,13-05-2025 22:55,14-05-2025 01:55,High,Bug
3499,22-05-2025 17:54,22-05-2025 18:54,High,Payment
3500,26-05-2025 08:05,27-05-2025 17:05,Low,Other
3501,04-05-2025 22:59,05-05-2025 13:59,Low,Bug
3502,20-05-2025 20:44,20-05-2025 22:44,High,Login
3503,28-06-2025 12:08,28-06-2025 20:08,Medium,Payment
3504,08-05-2025 23:26,09-05-2025 06:26,Medium,Payment
3505,26-05-2025 15:19,27-05-2025 19:19,Low,Payment
3506,19-05-2025 11:20,19-05-2025 21:20,Medium,Other
3507,23-05-2025 20:26,24-05-2025 10:26,Low,Login
3508,01-06-2025 20:44,02-06-2025 08:44,Low,Bug
3509,02-06-2025 15:26,03-06-2025 05:26,Medium,Login
3510,05-05-2025 22:33,07-05-2025 03:33,Low,Payment
3511,28-05-2025 01:23,28-05-2025 11:23,Medium,Login
3512,26-05-2025 20:05,27-05-2025 03:05,Medium,Login
3513,28-05-2025 02:21,28-05-2025 03:21,High,Bug
3514,28-06-2025 00:25,29-06-2025 02:25,Low,Other
3515,02-05-2025 13:18,02-05-2025 18:18,High,Bug
3516,13-06-2025 16:38,14-06-2025 05:38,Medium,Payment
3517,14-06-2025 22:50,15-06-2025 01:50,High,Login
3518,03-05-2025 06:11,03-05-2025 20:11,Medium,Login
3519,02-06-2025 12:51,03-06-2025 23:51,Low,Payment
3520,04-05-2025 09:19,04-05-2025 20:19,Medium,Login
3521,04-05-2025 09:23,04-05-2025 20:23,Medium,Other
3522,21-06-2025 03:01,22-06-2025 15:01,Low,Other
3523,20-06-2025 18:21,21-06-2025 02:21,Medium,Payment
3524,21-05-2025 00:24,21-05-2025 12:24,Medium,Payment
3525,23-05-2025 07:12,24-05-2025 07:12,Low,Payment
3526,08-05-2025 10:04,08-05-2025 11:04,High,Bug
3527,30-06-2025 21:52,01-07-2025 03:52,Medium,Other
3528,13-06-2025 18:16,14-06-2025 12:16,Low,Payment
3529,10-06-2025 05:19,10-06-2025 15:19,Medium,Other
3530,24-06-2025 10:30,25-06-2025 10:30,Low,Login
3531,26-06-2025 15:04,26-06-2025 19:04,High,Login
3532,17-06-2025 15:09,17-06-2025 22:09,Medium,Bug
3533,24-05-2025 14:07,24-05-2025 20:07,High,Other
3534,20-05-2025 04:19,20-05-2025 17:19,Medium,Other
3535,12-05-2025 18:23,13-05-2025 14:23,Low,Payment
3536,03-05-2025 16:57,04-05-2025 16:57,Low,Payment
3537,15-05-2025 10:35,15-05-2025 18:35,Medium,Payment
3538,13-06-2025 12:48,13-06-2025 22:48,Medium,Payment
3539,25-06-2025 17:14,26-06-2025 06:14,Medium,Login
3540,20-06-2025 05:26,20-06-2025 19:26,Medium,Other
3541,11-06-2025 00:24,11-06-2025 21:24,Low,Login
3542,14-06-2025 01:10,14-06-2025 07:10,High,Other
3543,26-06-2025 09:34,26-06-2025 19:34,Medium,Payment
3544,11-05-2025 14:44,12-05-2025 19:44,Low,Login
3545,09-05-2025 20:04,10-05-2025 17:04,Low,Payment
3546,11-05-2025 09:23,11-05-2025 14:23,High,Payment
3547,25-05-2025 04:53,25-05-2025 20:53,Low,Login
3548,24-06-2025 21:35,25-06-2025 04:35,Medium,Payment
3549,11-06-2025 13:13,12-06-2025 12:13,Low,Payment
3550,18-06-2025 12:11,19-06-2025 00:11,Medium,Payment
3551,03-06-2025 02:00,03-06-2025 07:00,High,Other
3552,27-05-2025 07:03,28-05-2025 08:03,Low,Login
3553,17-05-2025 05:20,17-05-2025 20:20,Low,Payment
3554,04-05-2025 07:31,04-05-2025 13:31,Medium,Bug
3555,02-06-2025 11:19,03-06-2025 19:19,Low,Bug
3556,15-06-2025 09:02,15-06-2025 15:02,High,Login
3557,06-06-2025 02:42,07-06-2025 14:42,Low,Other
3558,24-06-2025 21:20,24-06-2025 23:20,High,Bug
3559,02-06-2025 11:49,02-06-2025 15:49,High,Other
3560,11-05-2025 01:36,11-05-2025 16:36,Low,Bug
3561,24-05-2025 08:01,24-05-2025 18:01,Medium,Login
3562,08-05-2025 08:34,08-05-2025 20:34,Low,Payment
3563,16-06-2025 08:46,17-06-2025 20:46,Low,Login
3564,12-06-2025 23:30,13-06-2025 19:30,Low,Login
3565,05-06-2025 13:31,05-06-2025 15:31,High,Payment
3566,20-05-2025 13:33,22-05-2025 01:33,Low,Payment
3567,09-06-2025 01:43,10-06-2025 12:43,Low,Bug
3568,17-05-2025 18:07,18-05-2025 01:07,Medium,Other
3569,18-06-2025 12:33,19-06-2025 11:33,Low,Other
3570,19-05-2025 20:34,20-05-2025 08:34,Medium,Bug
3571,13-06-2025 16:12,13-06-2025 22:12,High,Other
3572,30-06-2025 05:52,30-06-2025 13:52,Medium,Other
3573,20-06-2025 16:13,20-06-2025 17:13,High,Payment
3574,01-05-2025 05:06,01-05-2025 13:06,Medium,Bug
3575,13-05-2025 23:52,14-05-2025 01:52,High,Other
3576,09-06-2025 11:44,09-06-2025 21:44,Medium,Other
3577,26-06-2025 00:07,26-06-2025 07:07,Medium,Bug
3578,24-05-2025 03:58,24-05-2025 17:58,Medium,Other
3579,08-06-2025 06:36,09-06-2025 01:36,Low,Other
3580,23-05-2025 15:04,25-05-2025 00:04,Low,Bug
3581,19-06-2025 01:04,19-06-2025 12:04,Medium,Other
3582,14-06-2025 07:29,14-06-2025 21:29,Medium,Bug
3583,27-05-2025 02:47,27-05-2025 11:47,Medium,Other
3584,23-06-2025 07:05,23-06-2025 16:05,Medium,Payment
3585,30-06-2025 18:33,01-07-2025 14:33,Low,Other
3586,11-06-2025 19:51,11-06-2025 21:51,High,Bug
3587,15-06-2025 11:46,16-06-2025 02:46,Medium,Login
3588,06-05-2025 09:05,06-05-2025 20:05,Medium,Other
3589,08-05-2025 19:49,09-05-2025 21:49,Low,Payment
3590,20-06-2025 00:39,20-06-2025 13:39,Medium,Bug
3591,06-06-2025 03:10,06-06-2025 09:10,Medium,Payment
3592,03-06-2025 03:15,03-06-2025 18:15,Low,Payment
3593,09-06-2025 14:17,09-06-2025 19:17,High,Other
3594,14-05-2025 18:39,15-05-2025 07:39,Low,Login
3595,08-06-2025 07:53,08-06-2025 22:53,Low,Login
3596,10-05-2025 15:47,11-05-2025 06:47,Low,Other
3597,19-05-2025 23:28,20-05-2025 07:28,Medium,Payment
3598,10-06-2025 22:26,11-06-2025 05:26,Medium,Payment
3599,30-05-2025 18:05,01-06-2025 05:05,Low,Bug
3600,02-05-2025 09:24,02-05-2025 20:24,Medium,Payment
3601,04-05-2025 07:34,04-05-2025 14:34,Medium,Bug
3602,07-05-2025 20:18,08-05-2025 04:18,Medium,Other
3603,22-06-2025 20:28,23-06-2025 21:28,Low,Other
3604,07-05-2025 00:48,07-05-2025 06:48,Medium,Other
3605,22-06-2025 20:44,23-06-2025 06:44,Medium,Payment
3606,01-05-2025 21:18,02-05-2025 16:18,Low,Bug
3607,26-06-2025 08:50,26-06-2025 22:50,Low,Login
3608,25-06-2025 00:04,25-06-2025 14:04,Medium,Other
3609,27-05-2025 23:10,28-05-2025 06:10,Medium,Other
3610,18-06-2025 22:28,19-06-2025 04:28,High,Login
3611,07-06-2025 06:59,07-06-2025 22:59,Low,Other
3612,15-06-2025 05:21,15-06-2025 09:21,High,Bug
3613,22-06-2025 19:42,23-06-2025 06:42,Medium,Payment
3614,16-06-2025 19:00,17-06-2025 14:00,Low,Payment
3615,05-05-2025 08:30,05-05-2025 21:30,Medium,Payment
3616,05-05-2025 05:14,05-05-2025 19:14,Medium,Payment
3617,02-05-2025 16:32,03-05-2025 02:32,Medium,Login
3618,30-05-2025 02:55,30-05-2025 10:55,Medium,Bug
3619,12-05-2025 08:42,12-05-2025 21:42,Medium,Payment
3620,27-05-2025 21:43,28-05-2025 01:43,High,Login
3621,20-06-2025 12:42,21-06-2025 05:42,Low,Payment
3622,18-05-2025 02:30,19-05-2025 12:30,Low,Login
3623,21-06-2025 11:43,22-06-2025 10:43,Low,Payment
3624,22-06-2025 18:17,23-06-2025 09:17,Medium,Payment
3625,29-05-2025 11:06,30-05-2025 19:06,Low,Bug
3626,28-06-2025 02:38,28-06-2025 08:38,Medium,Payment
3627,11-05-2025 05:47,11-05-2025 09:47,High,Payment
3628,19-05-2025 00:15,19-05-2025 22:15,Low,Other
3629,28-05-2025 10:30,28-05-2025 18:30,Medium,Login
3630,16-05-2025 05:59,16-05-2025 13:59,Medium,Payment
3631,23-06-2025 10:32,23-06-2025 12:32,High,Bug
3632,05-06-2025 20:21,06-06-2025 09:21,Medium,Login
3633,02-05-2025 05:45,02-05-2025 12:45,Medium,Bug
3634,10-06-2025 17:20,12-06-2025 03:20,Low,Bug
3635,18-05-2025 20:28,19-05-2025 08:28,Medium,Other
3636,30-05-2025 14:55,31-05-2025 04:55,Low,Other
3637,05-06-2025 21:20,06-06-2025 07:20,Medium,Other
3638,26-05-2025 03:56,26-05-2025 14:56,Medium,Payment
3639,06-05-2025 19:19,07-05-2025 14:19,Low,Other
3640,01-06-2025 03:19,01-06-2025 18:19,Medium,Login
3641,04-05-2025 08:53,05-05-2025 09:53,Low,Other
3642,23-05-2025 14:13,24-05-2025 01:13,Medium,Login
3643,14-05-2025 00:28,14-05-2025 14:28,Medium,Payment
3644,10-05-2025 21:09,11-05-2025 12:09,Medium,Payment
3645,03-06-2025 03:22,03-06-2025 04:22,High,Login
3646,27-05-2025 22:41,28-05-2025 10:41,Low,Payment
3647,17-05-2025 09:07,17-05-2025 20:07,Medium,Bug
3648,04-06-2025 12:33,04-06-2025 21:33,Medium,Bug
3649,21-05-2025 00:36,21-05-2025 10:36,Medium,Other
3650,20-05-2025 14:46,20-05-2025 17:46,High,Login
3651,28-06-2025 15:51,30-06-2025 00:51,Low,Login
3652,23-05-2025 15:15,25-05-2025 01:15,Low,Bug
3653,28-05-2025 07:05,28-05-2025 17:05,Medium,Other
3654,20-06-2025 11:44,21-06-2025 21:44,Low,Other
3655,05-06-2025 20:00,06-06-2025 21:00,Low,Bug
3656,20-05-2025 00:49,20-05-2025 15:49,Low,Payment
3657,06-06-2025 12:41,07-06-2025 09:41,Low,Bug
3658,01-05-2025 19:08,02-05-2025 11:08,Low,Bug
3659,25-05-2025 03:14,26-05-2025 11:14,Low,Payment
3660,16-06-2025 03:01,16-06-2025 16:01,Medium,Login
3661,16-06-2025 22:43,18-06-2025 06:43,Low,Other
3662,23-06-2025 06:21,23-06-2025 20:21,Medium,Bug
3663,29-06-2025 09:21,30-06-2025 18:21,Low,Payment
3664,08-05-2025 15:34,09-05-2025 06:34,Medium,Other
3665,12-05-2025 10:32,13-05-2025 12:32,Low,Login
3666,16-05-2025 14:46,17-05-2025 06:46,Low,Bug
3667,27-05-2025 03:25,27-05-2025 09:25,Medium,Bug
3668,30-05-2025 13:36,30-05-2025 23:36,Medium,Login
3669,20-06-2025 18:16,21-06-2025 08:16,Medium,Bug
3670,18-06-2025 09:46,19-06-2025 17:46,Low,Bug
3671,27-06-2025 13:55,29-06-2025 01:55,Low,Other
3672,09-06-2025 14:09,09-06-2025 17:09,High,Payment
3673,04-06-2025 09:32,04-06-2025 13:32,High,Bug
3674,06-06-2025 14:28,06-06-2025 15:28,High,Other
3675,19-05-2025 18:18,20-05-2025 02:18,Medium,Login
3676,04-06-2025 21:57,05-06-2025 00:57,High,Payment
3677,18-06-2025 03:47,19-06-2025 08:47,Low,Payment
3678,07-05-2025 06:07,07-05-2025 19:07,Medium,Payment
3679,11-05-2025 02:40,12-05-2025 09:40,Low,Bug
3680,16-05-2025 18:01,17-05-2025 08:01,Low,Login
3681,19-05-2025 03:58,19-05-2025 13:58,Medium,Login
3682,18-05-2025 14:37,19-05-2025 03:37,Medium,Login
3683,23-06-2025 10:13,23-06-2025 23:13,Low,Login
3684,25-05-2025 00:23,25-05-2025 15:23,Medium,Other
3685,17-06-2025 05:11,17-06-2025 13:11,Medium,Payment
3686,28-06-2025 23:41,29-06-2025 13:41,Medium,Payment
3687,26-05-2025 06:33,26-05-2025 14:33,Medium,Other
3688,14-06-2025 16:22,14-06-2025 22:22,High,Bug
3689,10-05-2025 07:54,10-05-2025 16:54,Medium,Other
3690,02-05-2025 16:14,03-05-2025 12:14,Low,Payment
3691,24-05-2025 12:30,24-05-2025 16:30,High,Other
3692,22-06-2025 09:32,23-06-2025 11:32,Low,Other
3693,15-05-2025 02:54,15-05-2025 17:54,Medium,Other
3694,14-06-2025 11:55,14-06-2025 14:55,High,Login
3695,11-06-2025 15:46,12-06-2025 21:46,Low,Payment
3696,26-06-2025 23:24,27-06-2025 14:24,Medium,Payment
3697,07-06-2025 12:51,07-06-2025 16:51,High,Payment
3698,08-05-2025 09:32,08-05-2025 15:32,Medium,Payment
3699,12-06-2025 12:56,12-06-2025 14:56,High,Bug
3700,14-05-2025 16:00,15-05-2025 03:00,Medium,Bug
3701,07-05-2025 02:47,08-05-2025 07:47,Low,Other
3702,04-05-2025 04:38,04-05-2025 14:38,Medium,Bug
3703,19-06-2025 20:06,21-06-2025 07:06,Low,Bug
3704,08-05-2025 20:22,10-05-2025 02:22,Low,Payment
3705,16-05-2025 18:11,16-05-2025 19:11,High,Payment
3706,22-05-2025 04:00,22-05-2025 19:00,Medium,Payment
3707,31-05-2025 21:37,01-06-2025 15:37,Low,Other
3708,28-06-2025 06:16,28-06-2025 17:16,Medium,Bug
3709,22-05-2025 15:14,23-05-2025 01:14,Medium,Login
3710,13-06-2025 17:21,13-06-2025 18:21,High,Payment
3711,07-05-2025 15:41,08-05-2025 02:41,Medium,Other
3712,11-06-2025 13:59,12-06-2025 13:59,Low,Other
3713,05-05-2025 23:57,06-05-2025 09:57,Medium,Login
3714,12-05-2025 03:36,12-05-2025 07:36,High,Payment
3715,14-05-2025 18:59,15-05-2025 02:59,Medium,Payment
3716,08-05-2025 00:46,08-05-2025 19:46,Low,Bug
3717,14-05-2025 02:49,14-05-2025 12:49,Medium,Bug
3718,15-05-2025 00:54,15-05-2025 02:54,High,Other
3719,23-05-2025 10:28,24-05-2025 11:28,Low,Bug
3720,15-05-2025 03:18,15-05-2025 17:18,Medium,Other
3721,14-06-2025 01:13,14-06-2025 05:13,High,Bug
3722,09-05-2025 16:44,11-05-2025 00:44,Low,Payment
3723,22-06-2025 18:21,22-06-2025 22:21,High,Other
3724,25-05-2025 09:06,26-05-2025 04:06,Low,Payment
3725,04-05-2025 17:13,05-05-2025 03:13,Medium,Other
3726,07-05-2025 11:40,07-05-2025 14:40,High,Bug
3727,26-05-2025 06:29,26-05-2025 19:29,Medium,Payment
3728,24-06-2025 14:04,24-06-2025 20:04,Medium,Bug
3729,28-06-2025 06:08,29-06-2025 15:08,Low,Other
3730,23-05-2025 22:02,24-05-2025 00:02,High,Payment
3731,20-05-2025 16:04,20-05-2025 18:04,High,Other
3732,04-06-2025 07:00,04-06-2025 10:00,High,Login
3733,20-05-2025 06:18,20-05-2025 09:18,High,Other
3734,07-06-2025 03:40,08-06-2025 10:40,Low,Bug
3735,15-05-2025 08:10,15-05-2025 20:10,Medium,Other
3736,29-05-2025 11:50,30-05-2025 00:50,Medium,Other
3737,22-05-2025 17:07,23-05-2025 03:07,Medium,Payment
3738,27-05-2025 11:20,28-05-2025 01:20,Medium,Other
3739,19-06-2025 07:17,19-06-2025 13:17,Medium,Other
3740,31-05-2025 21:12,01-06-2025 03:12,High,Other
3741,15-05-2025 12:47,16-05-2025 01:47,Medium,Other
3742,29-05-2025 18:47,30-05-2025 04:47,Medium,Payment
3743,09-06-2025 17:45,09-06-2025 23:45,High,Other
3744,09-06-2025 08:21,10-06-2025 01:21,Low,Bug
3745,10-06-2025 17:26,11-06-2025 11:26,Low,Other
3746,15-06-2025 16:37,16-06-2025 14:37,Low,Login
3747,04-05-2025 00:38,05-05-2025 02:38,Low,Other
3748,23-05-2025 07:33,24-05-2025 11:33,Low,Payment
3749,11-06-2025 11:48,11-06-2025 17:48,High,Payment
3750,09-06-2025 10:07,10-06-2025 08:07,Low,Payment
3751,21-06-2025 04:42,21-06-2025 17:42,Medium,Payment
3752,31-05-2025 15:37,01-06-2025 06:37,Medium,Bug
3753,19-06-2025 10:18,19-06-2025 12:18,High,Bug
3754,06-05-2025 01:57,06-05-2025 04:57,High,Other
3755,06-05-2025 01:28,06-05-2025 08:28,Medium,Other
3756,09-05-2025 09:21,09-05-2025 11:21,High,Login
3757,20-06-2025 00:54,20-06-2025 08:54,Medium,Bug
3758,03-06-2025 04:31,03-06-2025 17:31,Medium,Payment
3759,02-06-2025 20:30,03-06-2025 19:30,Low,Bug
3760,19-05-2025 14:50,20-05-2025 11:50,Low,Bug
3761,18-05-2025 11:19,18-05-2025 15:19,High,Other
3762,21-06-2025 07:56,22-06-2025 15:56,Low,Other
3763,30-05-2025 05:49,30-05-2025 14:49,Medium,Bug
3764,19-05-2025 03:16,20-05-2025 15:16,Low,Payment
3765,07-06-2025 07:05,07-06-2025 23:05,Low,Payment
3766,18-05-2025 13:05,18-05-2025 22:05,Medium,Bug
3767,22-06-2025 20:06,23-06-2025 22:06,Low,Bug
3768,06-06-2025 12:33,06-06-2025 18:33,Medium,Login
3769,22-06-2025 11:10,22-06-2025 13:10,High,Login
3770,04-06-2025 18:58,04-06-2025 20:58,High,Bug
3771,08-06-2025 22:06,09-06-2025 15:06,Low,Payment
3772,26-06-2025 23:04,27-06-2025 13:04,Medium,Login
3773,14-05-2025 04:13,15-05-2025 06:13,Low,Bug
3774,04-06-2025 02:01,04-06-2025 20:01,Low,Other
3775,30-05-2025 15:18,31-05-2025 06:18,Medium,Other
3776,02-05-2025 12:15,02-05-2025 22:15,Medium,Login
3777,01-06-2025 05:56,01-06-2025 06:56,High,Other
3778,01-06-2025 07:08,01-06-2025 20:08,Medium,Bug
3779,27-06-2025 14:29,28-06-2025 03:29,Low,Bug
3780,12-05-2025 18:45,13-05-2025 09:45,Low,Other
3781,08-05-2025 11:57,09-05-2025 18:57,Low,Bug
3782,24-06-2025 11:04,25-06-2025 02:04,Medium,Bug
3783,08-05-2025 08:11,08-05-2025 13:11,High,Payment
3784,01-06-2025 03:17,01-06-2025 14:17,Medium,Login
3785,15-05-2025 17:05,15-05-2025 22:05,High,Bug
3786,06-06-2025 03:03,06-06-2025 14:03,Medium,Other
3787,07-06-2025 16:50,08-06-2025 13:50,Low,Payment
3788,23-05-2025 16:20,24-05-2025 06:20,Medium,Payment
3789,18-06-2025 23:39,19-06-2025 13:39,Medium,Login
3790,26-06-2025 10:02,26-06-2025 14:02,High,Login
3791,27-06-2025 18:12,27-06-2025 20:12,High,Login
3792,18-06-2025 04:41,18-06-2025 18:41,Low,Login
3793,19-05-2025 14:58,20-05-2025 22:58,Low,Other
3794,25-05-2025 20:06,27-05-2025 03:06,Low,Bug
3795,18-06-2025 13:50,19-06-2025 16:50,Low,Other
3796,29-05-2025 17:22,30-05-2025 07:22,Medium,Other
3797,22-05-2025 03:48,22-05-2025 04:48,High,Payment
3798,25-05-2025 10:09,26-05-2025 08:09,Low,Bug
3799,28-05-2025 11:25,29-05-2025 15:25,Low,Other
3800,03-06-2025 04:19,03-06-2025 10:19,High,Bug
3801,22-05-2025 02:32,22-05-2025 19:32,Low,Payment
3802,28-05-2025 08:32,29-05-2025 05:32,Low,Payment
3803,22-06-2025 22:59,23-06-2025 10:59,Low,Bug
3804,17-06-2025 06:42,17-06-2025 21:42,Medium,Payment
3805,25-06-2025 14:24,25-06-2025 21:24,Medium,Bug
3806,01-06-2025 01:18,01-06-2025 07:18,High,Login
3807,08-05-2025 07:02,08-05-2025 19:02,Medium,Bug
3808,05-06-2025 04:15,06-06-2025 11:15,Low,Other
3809,15-06-2025 14:11,16-06-2025 00:11,Medium,Bug
3810,17-05-2025 14:31,17-05-2025 15:31,High,Other
3811,09-06-2025 10:10,09-06-2025 15:10,High,Login
3812,30-05-2025 07:53,30-05-2025 15:53,Medium,Login
3813,29-05-2025 19:48,30-05-2025 08:48,Medium,Bug
3814,30-05-2025 16:28,31-05-2025 09:28,Low,Bug
3815,20-05-2025 11:40,21-05-2025 04:40,Low,Payment
3816,08-05-2025 10:13,08-05-2025 23:13,Medium,Bug
3817,03-06-2025 21:11,04-06-2025 09:11,Medium,Bug
3818,04-06-2025 20:15,05-06-2025 10:15,Low,Payment
3819,13-06-2025 19:23,14-06-2025 10:23,Medium,Payment
3820,29-06-2025 23:16,30-06-2025 05:16,High,Bug
3821,17-05-2025 05:15,18-05-2025 04:15,Low,Payment
3822,14-06-2025 06:20,14-06-2025 19:20,Medium,Bug
3823,09-06-2025 01:52,09-06-2025 20:52,Low,Other
3824,08-05-2025 17:20,09-05-2025 19:20,Low,Payment
3825,09-05-2025 20:30,10-05-2025 02:30,Medium,Login
3826,30-05-2025 09:00,30-05-2025 13:00,High,Other
3827,25-06-2025 02:58,26-06-2025 02:58,Low,Other
3828,13-05-2025 15:48,13-05-2025 17:48,High,Bug
3829,04-06-2025 09:01,04-06-2025 14:01,High,Bug
3830,28-05-2025 22:20,29-05-2025 10:20,Medium,Other
3831,01-05-2025 22:00,01-05-2025 23:00,High,Bug
3832,26-05-2025 01:17,26-05-2025 08:17,Medium,Bug
3833,09-06-2025 02:27,09-06-2025 10:27,Medium,Login
3834,03-05-2025 13:32,03-05-2025 22:32,Medium,Other
3835,17-06-2025 19:46,18-06-2025 01:46,Medium,Payment
3836,15-05-2025 13:32,15-05-2025 18:32,High,Payment
3837,15-05-2025 13:43,17-05-2025 01:43,Low,Login
3838,30-05-2025 00:29,31-05-2025 12:29,Low,Payment
3839,27-05-2025 15:40,28-05-2025 10:40,Low,Other
3840,22-06-2025 00:08,22-06-2025 06:08,High,Bug
3841,31-05-2025 03:56,01-06-2025 10:56,Low,Bug
3842,06-05-2025 06:40,07-05-2025 15:40,Low,Other
3843,27-05-2025 18:23,28-05-2025 09:23,Medium,Payment
3844,02-06-2025 13:03,03-06-2025 09:03,Low,Other
3845,18-05-2025 17:07,20-05-2025 01:07,Low,Login
3846,14-05-2025 21:20,15-05-2025 12:20,Medium,Login
3847,11-05-2025 02:32,12-05-2025 07:32,Low,Bug
3848,19-06-2025 22:40,20-06-2025 18:40,Low,Other
3849,18-05-2025 00:51,19-05-2025 00:51,Low,Login
3850,15-05-2025 09:28,15-05-2025 23:28,Medium,Payment
3851,24-05-2025 04:02,24-05-2025 11:02,Medium,Other
3852,20-06-2025 01:31,20-06-2025 07:31,High,Bug
3853,09-06-2025 02:58,09-06-2025 09:58,Medium,Bug
3854,18-06-2025 19:04,18-06-2025 23:04,High,Login
3855,30-06-2025 20:11,01-07-2025 13:11,Low,Other
3856,07-05-2025 19:54,08-05-2025 17:54,Low,Login
3857,19-05-2025 21:31,20-05-2025 02:31,High,Payment
3858,19-05-2025 21:26,21-05-2025 02:26,Low,Other
3859,02-05-2025 09:04,02-05-2025 11:04,High,Bug
3860,22-06-2025 04:27,23-06-2025 00:27,Low,Login
3861,24-05-2025 06:35,24-05-2025 15:35,Medium,Other
3862,11-06-2025 03:58,11-06-2025 12:58,Medium,Payment
3863,20-05-2025 15:37,22-05-2025 00:37,Low,Payment
3864,03-06-2025 04:47,03-06-2025 15:47,Medium,Login
3865,01-06-2025 20:04,01-06-2025 21:04,High,Login
3866,26-05-2025 20:58,27-05-2025 17:58,Low,Other
3867,26-05-2025 00:14,26-05-2025 18:14,Low,Other
3868,12-05-2025 23:22,13-05-2025 05:22,High,Login
3869,10-05-2025 03:39,11-05-2025 04:39,Low,Bug
3870,29-06-2025 23:05,30-06-2025 02:05,High,Payment
3871,19-06-2025 14:18,20-06-2025 17:18,Low,Other
3872,16-06-2025 22:08,17-06-2025 05:08,Medium,Login
3873,10-05-2025 08:55,11-05-2025 09:55,Low,Bug
3874,24-05-2025 12:52,24-05-2025 13:52,High,Bug
3875,26-05-2025 10:00,26-05-2025 21:00,Medium,Login
3876,02-05-2025 21:17,03-05-2025 06:17,Medium,Login
3877,16-05-2025 00:33,16-05-2025 10:33,Medium,Bug
3878,20-06-2025 14:19,20-06-2025 17:19,High,Login
3879,06-05-2025 04:54,07-05-2025 09:54,Low,Payment
3880,12-05-2025 13:27,12-05-2025 19:27,High,Bug
3881,21-06-2025 12:50,21-06-2025 14:50,High,Login
3882,22-06-2025 19:42,23-06-2025 09:42,Low,Login
3883,13-06-2025 04:39,13-06-2025 05:39,High,Payment
3884,05-06-2025 19:08,06-06-2025 08:08,Medium,Login
3885,27-06-2025 12:50,27-06-2025 16:50,High,Other
3886,17-06-2025 02:56,17-06-2025 12:56,Medium,Bug
3887,24-06-2025 13:21,25-06-2025 01:21,Medium,Payment
3888,01-06-2025 11:49,01-06-2025 13:49,High,Bug
3889,12-05-2025 03:54,13-05-2025 04:54,Low,Bug
3890,06-06-2025 18:24,07-06-2025 04:24,Medium,Payment
3891,16-05-2025 07:25,16-05-2025 14:25,Medium,Payment
3892,11-05-2025 18:29,12-05-2025 07:29,Low,Bug
3893,25-05-2025 06:10,25-05-2025 10:10,High,Other
3894,22-05-2025 20:56,23-05-2025 12:56,Low,Login
3895,06-05-2025 16:09,07-05-2025 04:09,Low,Other
3896,22-06-2025 21:52,23-06-2025 09:52,Medium,Login
3897,10-05-2025 10:28,11-05-2025 00:28,Low,Payment
3898,06-05-2025 08:38,07-05-2025 10:38,Low,Other
3899,15-06-2025 21:01,16-06-2025 09:01,Low,Bug
3900,14-06-2025 19:39,15-06-2025 15:39,Low,Login
3901,29-06-2025 19:26,01-07-2025 06:26,Low,Login
3902,11-06-2025 01:12,12-06-2025 01:12,Low,Login
3903,19-06-2025 22:47,21-06-2025 03:47,Low,Other
3904,27-06-2025 21:28,28-06-2025 15:28,Low,Bug
3905,09-06-2025 12:23,09-06-2025 21:23,Medium,Payment
3906,03-06-2025 17:47,03-06-2025 23:47,Medium,Other
3907,24-06-2025 13:48,24-06-2025 16:48,High,Other
3908,29-05-2025 06:31,29-05-2025 20:31,Medium,Other
3909,27-05-2025 09:54,27-05-2025 20:54,Medium,Bug
3910,30-05-2025 09:52,30-05-2025 19:52,Medium,Bug
3911,17-05-2025 08:26,17-05-2025 20:26,Medium,Payment
3912,23-05-2025 04:50,23-05-2025 09:50,High,Payment
3913,28-05-2025 08:21,29-05-2025 03:21,Low,Payment
3914,12-06-2025 00:04,12-06-2025 13:04,Medium,Other
3915,14-05-2025 19:01,14-05-2025 23:01,High,Bug
3916,01-06-2025 23:03,02-06-2025 11:03,Low,Payment
3917,29-06-2025 09:11,30-06-2025 02:11,Low,Payment
3918,11-05-2025 11:18,12-05-2025 11:18,Low,Login
3919,21-06-2025 02:06,21-06-2025 14:06,Medium,Bug
3920,16-06-2025 16:14,16-06-2025 20:14,High,Bug
3921,06-05-2025 11:54,07-05-2025 07:54,Low,Login
3922,27-06-2025 19:29,28-06-2025 07:29,Medium,Bug
3923,29-06-2025 12:52,30-06-2025 00:52,Medium,Payment
3924,26-06-2025 12:16,27-06-2025 08:16,Low,Other
3925,17-06-2025 00:42,17-06-2025 15:42,Medium,Payment
3926,12-06-2025 19:59,13-06-2025 01:59,Medium,Other
3927,22-06-2025 15:53,22-06-2025 21:53,High,Login
3928,10-05-2025 00:04,10-05-2025 11:04,Medium,Payment
3929,12-05-2025 14:56,13-05-2025 19:56,Low,Bug
3930,07-06-2025 02:00,07-06-2025 19:00,Low,Other
3931,16-05-2025 12:10,17-05-2025 00:10,Medium,Payment
3932,13-05-2025 03:03,13-05-2025 16:03,Low,Login
3933,29-05-2025 03:35,29-05-2025 04:35,High,Payment
3934,22-05-2025 07:23,23-05-2025 01:23,Low,Other
3935,04-05-2025 13:10,04-05-2025 21:10,Medium,Payment
3936,01-05-2025 15:10,02-05-2025 09:10,Low,Bug
3937,01-05-2025 04:12,01-05-2025 10:12,Medium,Other
3938,16-06-2025 22:11,17-06-2025 06:11,Medium,Login
3939,01-05-2025 00:16,01-05-2025 12:16,Medium,Bug
3940,02-05-2025 23:46,03-05-2025 06:46,Medium,Other
3941,25-06-2025 09:22,25-06-2025 23:22,Medium,Payment
3942,25-06-2025 06:21,25-06-2025 16:21,Medium,Payment
3943,05-06-2025 11:36,05-06-2025 12:36,High,Payment
3944,18-06-2025 00:11,18-06-2025 04:11,High,Payment
3945,15-06-2025 07:34,16-06-2025 01:34,Low,Login
3946,11-06-2025 12:23,11-06-2025 15:23,High,Bug
3947,29-05-2025 05:13,29-05-2025 12:13,Medium,Login
3948,08-06-2025 14:36,08-06-2025 23:36,Medium,Bug
3949,02-05-2025 15:11,03-05-2025 18:11,Low,Bug
3950,19-06-2025 00:29,19-06-2025 08:29,Medium,Login
3951,27-06-2025 08:49,27-06-2025 16:49,Medium,Login
3952,02-05-2025 23:12,03-05-2025 05:12,High,Other
3953,27-06-2025 04:09,27-06-2025 21:09,Low,Login
3954,18-06-2025 13:52,18-06-2025 23:52,Medium,Login
3955,06-06-2025 06:48,06-06-2025 12:48,Medium,Other
3956,15-06-2025 02:06,15-06-2025 14:06,Medium,Login
3957,11-05-2025 18:44,12-05-2025 05:44,Medium,Login
3958,04-05-2025 03:35,04-05-2025 09:35,Medium,Login
3959,13-06-2025 19:36,15-06-2025 02:36,Low,Bug
3960,14-06-2025 00:59,15-06-2025 01:59,Low,Bug
3961,07-06-2025 10:20,07-06-2025 21:20,Medium,Bug
3962,05-05-2025 00:12,06-05-2025 08:12,Low,Bug
3963,22-06-2025 03:14,22-06-2025 06:14,High,Other
3964,22-06-2025 19:53,23-06-2025 09:53,Medium,Login
3965,05-06-2025 19:19,06-06-2025 19:19,Low,Login
3966,23-05-2025 14:29,23-05-2025 18:29,High,Other
3967,29-06-2025 01:05,29-06-2025 07:05,Medium,Bug
3968,04-06-2025 16:51,05-06-2025 07:51,Low,Login
3969,02-05-2025 12:18,03-05-2025 09:18,Low,Bug
3970,29-05-2025 09:26,29-05-2025 16:26,Medium,Bug
3971,09-06-2025 00:26,09-06-2025 20:26,Low,Other
3972,08-05-2025 21:28,09-05-2025 16:28,Low,Other
3973,23-05-2025 05:55,24-05-2025 08:55,Low,Other
3974,15-05-2025 15:38,17-05-2025 01:38,Low,Login
3975,26-06-2025 18:42,27-06-2025 12:42,Low,Payment
3976,12-06-2025 08:12,12-06-2025 22:12,Low,Bug
3977,30-06-2025 02:51,01-07-2025 12:51,Low,Bug
3978,07-06-2025 15:02,08-06-2025 10:02,Low,Bug
3979,19-05-2025 08:59,19-05-2025 20:59,Medium,Bug
3980,04-06-2025 17:09,04-06-2025 21:09,High,Payment
3981,03-05-2025 08:31,03-05-2025 13:31,High,Login
3982,02-06-2025 23:50,03-06-2025 04:50,High,Payment
3983,28-06-2025 06:27,28-06-2025 08:27,High,Bug
3984,31-05-2025 17:30,02-06-2025 01:30,Low,Payment
3985,20-05-2025 13:09,20-05-2025 16:09,High,Bug
3986,04-06-2025 13:34,05-06-2025 01:34,Medium,Payment
3987,23-06-2025 09:39,23-06-2025 10:39,High,Bug
3988,29-06-2025 08:31,29-06-2025 18:31,Medium,Payment
3989,11-05-2025 05:53,11-05-2025 06:53,High,Other
3990,11-05-2025 15:12,12-05-2025 15:12,Low,Login
3991,11-05-2025 16:53,12-05-2025 06:53,Medium,Other
3992,12-06-2025 02:49,12-06-2025 15:49,Medium,Payment
3993,09-05-2025 12:15,10-05-2025 17:15,Low,Other
3994,06-05-2025 01:45,06-05-2025 03:45,High,Login
3995,17-06-2025 19:25,18-06-2025 03:25,Medium,Bug
3996,30-05-2025 16:46,31-05-2025 22:46,Low,Bug
3997,05-06-2025 12:09,06-06-2025 03:09,Medium,Other
3998,16-05-2025 06:39,16-05-2025 17:39,Medium,Other
3999,01-05-2025 15:02,02-05-2025 08:02,Low,Payment
4000,20-06-2025 21:23,21-06-2025 11:23,Medium,Other
